2026-07-29 12:32:32 [INFO] [PipelineLogger] Scanning the folder: 
2026-07-29 12:32:33 [INFO] [PipelineLogger] picture detected: pyside_icon.ico
2026-07-29 12:32:33 [INFO] [PipelineLogger] picture detected: pyside_icon.jpg
2026-07-29 12:32:33 [INFO] [PipelineLogger] picture detected: attractor-16px.png
2026-07-29 12:32:33 [INFO] [PipelineLogger] picture detected: attractor-24px.png
2026-07-29 12:32:33 [INFO] [PipelineLogger] picture detected: attractor-24px@2x.png
2026-07-29 12:32:33 [INFO] [PipelineLogger] picture detected: dummy.png
2026-07-29 12:32:33 [INFO] [PipelineLogger] picture detected: dummy16.png
2026-07-29 12:32:33 [INFO] [PipelineLogger] picture detected: dummy@2x.png
2026-07-29 12:32:33 [INFO] [PipelineLogger] picture detected: emit-burst-16px.png
2026-07-29 12:32:33 [INFO] [PipelineLogger] picture detected: emit-burst-24px.png
2026-07-29 12:32:33 [INFO] [PipelineLogger] picture detected: emit-burst-24px@2x.png
2026-07-29 12:32:33 [INFO] [PipelineLogger] picture detected: emitter-16px.png
2026-07-29 12:32:33 [INFO] [PipelineLogger] picture detected: emitter-24px.png
2026-07-29 12:32:33 [INFO] [PipelineLogger] picture detected: emitter-24px@2x.png
2026-07-29 12:32:33 [INFO] [PipelineLogger] picture detected: gravity-16px.png
2026-07-29 12:32:33 [INFO] [PipelineLogger] picture detected: gravity-24px.png
2026-07-29 12:32:33 [INFO] [PipelineLogger] picture detected: gravity-24px@2x.png
2026-07-29 12:32:33 [INFO] [PipelineLogger] picture detected: line-particle-16px.png
2026-07-29 12:32:33 [INFO] [PipelineLogger] picture detected: line-particle-24px.png
2026-07-29 12:32:33 [INFO] [PipelineLogger] picture detected: line-particle-24px@2x.png
2026-07-29 12:32:33 [INFO] [PipelineLogger] picture detected: model-blend-particle-16px.png
2026-07-29 12:32:33 [INFO] [PipelineLogger] picture detected: model-blend-particle-24px.png
2026-07-29 12:32:33 [INFO] [PipelineLogger] picture detected: model-blend-particle-24px@2x.png
2026-07-29 12:32:33 [INFO] [PipelineLogger] picture detected: model-particle-16px.png
2026-07-29 12:32:33 [INFO] [PipelineLogger] picture detected: model-particle-24px.png
2026-07-29 12:32:33 [INFO] [PipelineLogger] picture detected: model-particle-24px@2x.png
2026-07-29 12:32:33 [INFO] [PipelineLogger] picture detected: model-shape-16px.png
2026-07-29 12:32:33 [INFO] [PipelineLogger] picture detected: model-shape-24px.png
2026-07-29 12:32:33 [INFO] [PipelineLogger] picture detected: model-shape-24px@2x.png
2026-07-29 12:32:33 [INFO] [PipelineLogger] picture detected: particle-custom-shape-16px.png
2026-07-29 12:32:33 [INFO] [PipelineLogger] picture detected: particle-custom-shape-24px.png
2026-07-29 12:32:33 [INFO] [PipelineLogger] picture detected: particle-custom-shape-24px@2x.png
2026-07-29 12:32:33 [INFO] [PipelineLogger] picture detected: particle-shape-16px.png
2026-07-29 12:32:33 [INFO] [PipelineLogger] picture detected: particle-shape-24px.png
2026-07-29 12:32:33 [INFO] [PipelineLogger] picture detected: particle-shape-24px@2x.png
2026-07-29 12:32:33 [INFO] [PipelineLogger] picture detected: particle-system-16px.png
2026-07-29 12:32:33 [INFO] [PipelineLogger] picture detected: particle-system-24px.png
2026-07-29 12:32:33 [INFO] [PipelineLogger] picture detected: particle-system-24px@2x.png
2026-07-29 12:32:33 [INFO] [PipelineLogger] picture detected: point-rotator-16px.png
2026-07-29 12:32:33 [INFO] [PipelineLogger] picture detected: point-rotator-24px.png
2026-07-29 12:32:33 [INFO] [PipelineLogger] picture detected: point-rotator-24px@2x.png
2026-07-29 12:32:33 [INFO] [PipelineLogger] picture detected: repeller-16px.png
2026-07-29 12:32:33 [INFO] [PipelineLogger] picture detected: repeller-24px.png
2026-07-29 12:32:33 [INFO] [PipelineLogger] picture detected: repeller-24px@2x.png
2026-07-29 12:32:33 [INFO] [PipelineLogger] picture detected: scale-affector-16px.png
2026-07-29 12:32:33 [INFO] [PipelineLogger] picture detected: scale-affector-24px.png
2026-07-29 12:32:33 [INFO] [PipelineLogger] picture detected: scale-affector-24px@2x.png
2026-07-29 12:32:33 [INFO] [PipelineLogger] picture detected: sprite-particle-16px.png
2026-07-29 12:32:33 [INFO] [PipelineLogger] picture detected: sprite-particle-24px.png
2026-07-29 12:32:33 [INFO] [PipelineLogger] picture detected: sprite-particle-24px@2x.png
2026-07-29 12:32:33 [INFO] [PipelineLogger] picture detected: sprite-sequence-16px.png
2026-07-29 12:32:33 [INFO] [PipelineLogger] picture detected: sprite-sequence-24px.png
2026-07-29 12:32:33 [INFO] [PipelineLogger] picture detected: sprite-sequence-24px@2x.png
2026-07-29 12:32:33 [INFO] [PipelineLogger] picture detected: target-direction-16px.png
2026-07-29 12:32:33 [INFO] [PipelineLogger] picture detected: target-direction-24px.png
2026-07-29 12:32:33 [INFO] [PipelineLogger] picture detected: target-direction-24px@2x.png
2026-07-29 12:32:33 [INFO] [PipelineLogger] picture detected: trail-emitter-16px.png
2026-07-29 12:32:33 [INFO] [PipelineLogger] picture detected: trail-emitter-24px.png
2026-07-29 12:32:33 [INFO] [PipelineLogger] picture detected: trail-emitter-24px@2x.png
2026-07-29 12:32:33 [INFO] [PipelineLogger] picture detected: vector-direction-16px.png
2026-07-29 12:32:33 [INFO] [PipelineLogger] picture detected: vector-direction-24px.png
2026-07-29 12:32:33 [INFO] [PipelineLogger] picture detected: vector-direction-24px@2x.png
2026-07-29 12:32:33 [INFO] [PipelineLogger] picture detected: wander-16px.png
2026-07-29 12:32:33 [INFO] [PipelineLogger] picture detected: wander-24px.png
2026-07-29 12:32:33 [INFO] [PipelineLogger] picture detected: wander-24px@2x.png
2026-07-29 12:32:33 [INFO] [PipelineLogger] picture detected: color_table.png
2026-07-29 12:32:33 [INFO] [PipelineLogger] picture detected: color_table2.png
2026-07-29 12:32:33 [INFO] [PipelineLogger] picture detected: droplet.png
2026-07-29 12:32:33 [INFO] [PipelineLogger] picture detected: dummy.png
2026-07-29 12:32:33 [INFO] [PipelineLogger] picture detected: dummy16.png
2026-07-29 12:32:33 [INFO] [PipelineLogger] picture detected: dummy@2x.png
2026-07-29 12:32:33 [INFO] [PipelineLogger] picture detected: rain.png
2026-07-29 12:32:33 [INFO] [PipelineLogger] picture detected: ripple.png
2026-07-29 12:32:33 [INFO] [PipelineLogger] picture detected: smoke2.png
2026-07-29 12:32:33 [INFO] [PipelineLogger] picture detected: smoke_sprite.png
2026-07-29 12:32:33 [INFO] [PipelineLogger] picture detected: smoke_sprite2.png
2026-07-29 12:32:33 [INFO] [PipelineLogger] picture detected: snowflake.png
2026-07-29 12:32:33 [INFO] [PipelineLogger] picture detected: sphere.png
2026-07-29 12:32:33 [INFO] [PipelineLogger] picture detected: splash7.png
2026-07-29 12:32:33 [INFO] [PipelineLogger] picture detected: axishelper.png
2026-07-29 12:32:33 [INFO] [PipelineLogger] picture detected: axishelper16.png
2026-07-29 12:32:33 [INFO] [PipelineLogger] picture detected: axishelper@2x.png
2026-07-29 12:32:33 [INFO] [PipelineLogger] picture detected: debugview.png
2026-07-29 12:32:33 [INFO] [PipelineLogger] picture detected: debugview16.png
2026-07-29 12:32:33 [INFO] [PipelineLogger] picture detected: debugview@2x.png
2026-07-29 12:32:33 [INFO] [PipelineLogger] picture detected: dummy.png
2026-07-29 12:32:33 [INFO] [PipelineLogger] picture detected: dummy16.png
2026-07-29 12:32:33 [INFO] [PipelineLogger] picture detected: dummy@2x.png
2026-07-29 12:32:33 [INFO] [PipelineLogger] picture detected: extendedsceneenvironment.png
2026-07-29 12:32:33 [INFO] [PipelineLogger] picture detected: extendedsceneenvironment16.png
2026-07-29 12:32:33 [INFO] [PipelineLogger] picture detected: extendedsceneenvironment@2x.png
2026-07-29 12:32:33 [INFO] [PipelineLogger] picture detected: gridgeometry.png
2026-07-29 12:32:33 [INFO] [PipelineLogger] picture detected: gridgeometry16.png
2026-07-29 12:32:33 [INFO] [PipelineLogger] picture detected: gridgeometry@2x.png
2026-07-29 12:32:33 [INFO] [PipelineLogger] picture detected: heightfieldgeometry.png
2026-07-29 12:32:33 [INFO] [PipelineLogger] picture detected: heightfieldgeometry16.png
2026-07-29 12:32:33 [INFO] [PipelineLogger] picture detected: heightfieldgeometry@2x.png
2026-07-29 12:32:33 [INFO] [PipelineLogger] picture detected: infinitegrid.png
2026-07-29 12:32:33 [INFO] [PipelineLogger] picture detected: infinitegrid16.png
2026-07-29 12:32:33 [INFO] [PipelineLogger] picture detected: infinitegrid@2x.png
2026-07-29 12:32:33 [INFO] [PipelineLogger] picture detected: instancemodel.png
2026-07-29 12:32:33 [INFO] [PipelineLogger] picture detected: instancemodel16.png
2026-07-29 12:32:33 [INFO] [PipelineLogger] picture detected: instancemodel@2x.png
2026-07-29 12:32:33 [INFO] [PipelineLogger] picture detected: instancerepeater.png
2026-07-29 12:32:33 [INFO] [PipelineLogger] picture detected: instancerepeater16.png
2026-07-29 12:32:33 [INFO] [PipelineLogger] picture detected: instancerepeater@2x.png
2026-07-29 12:32:33 [INFO] [PipelineLogger] picture detected: lodmanager.png
2026-07-29 12:32:33 [INFO] [PipelineLogger] picture detected: lodmanager16.png
2026-07-29 12:32:33 [INFO] [PipelineLogger] picture detected: lodmanager@2x.png
2026-07-29 12:32:33 [INFO] [PipelineLogger] picture detected: lookatnode.png
2026-07-29 12:32:33 [INFO] [PipelineLogger] picture detected: lookatnode16.png
2026-07-29 12:32:33 [INFO] [PipelineLogger] picture detected: lookatnode@2x.png
2026-07-29 12:32:33 [INFO] [PipelineLogger] picture detected: orbitcameracontroller.png
2026-07-29 12:32:33 [INFO] [PipelineLogger] picture detected: orbitcameracontroller16.png
2026-07-29 12:32:33 [INFO] [PipelineLogger] picture detected: orbitcameracontroller@2x.png
2026-07-29 12:32:33 [INFO] [PipelineLogger] picture detected: proceduralskytexturedata.png
2026-07-29 12:32:33 [INFO] [PipelineLogger] picture detected: proceduralskytexturedata16.png
2026-07-29 12:32:33 [INFO] [PipelineLogger] picture detected: proceduralskytexturedata@2x.png
2026-07-29 12:32:33 [INFO] [PipelineLogger] picture detected: wasdcontroller.png
2026-07-29 12:32:33 [INFO] [PipelineLogger] picture detected: wasdcontroller16.png
2026-07-29 12:32:33 [INFO] [PipelineLogger] picture detected: wasdcontroller@2x.png
2026-07-29 12:32:33 [INFO] [PipelineLogger] picture detected: effect.png
2026-07-29 12:32:33 [INFO] [PipelineLogger] picture detected: effect16.png
2026-07-29 12:32:33 [INFO] [PipelineLogger] picture detected: effect@2x.png
2026-07-29 12:32:33 [INFO] [PipelineLogger] picture detected: camera.png
2026-07-29 12:32:33 [INFO] [PipelineLogger] picture detected: camera16.png
2026-07-29 12:32:33 [INFO] [PipelineLogger] picture detected: camera@2x.png
2026-07-29 12:32:33 [INFO] [PipelineLogger] picture detected: cone.png
2026-07-29 12:32:33 [INFO] [PipelineLogger] picture detected: cone16.png
2026-07-29 12:32:33 [INFO] [PipelineLogger] picture detected: cone@2x.png
2026-07-29 12:32:33 [INFO] [PipelineLogger] picture detected: cube.png
2026-07-29 12:32:33 [INFO] [PipelineLogger] picture detected: cube16.png
2026-07-29 12:32:33 [INFO] [PipelineLogger] picture detected: cube@2x.png
2026-07-29 12:32:33 [INFO] [PipelineLogger] picture detected: cubemaptexture.png
2026-07-29 12:32:33 [INFO] [PipelineLogger] picture detected: cubemaptexture16.png
2026-07-29 12:32:33 [INFO] [PipelineLogger] picture detected: cubemaptexture@2x.png
2026-07-29 12:32:33 [INFO] [PipelineLogger] picture detected: custommaterial.png
2026-07-29 12:32:33 [INFO] [PipelineLogger] picture detected: custommaterial16.png
2026-07-29 12:32:33 [INFO] [PipelineLogger] picture detected: custommaterial@2x.png
2026-07-29 12:32:33 [INFO] [PipelineLogger] picture detected: cylinder.png
2026-07-29 12:32:33 [INFO] [PipelineLogger] picture detected: cylinder16.png
2026-07-29 12:32:33 [INFO] [PipelineLogger] picture detected: cylinder@2x.png
2026-07-29 12:32:33 [INFO] [PipelineLogger] picture detected: debugsettings.png
2026-07-29 12:32:33 [INFO] [PipelineLogger] picture detected: debugsettings16.png
2026-07-29 12:32:33 [INFO] [PipelineLogger] picture detected: debugsettings@2x.png
2026-07-29 12:32:33 [INFO] [PipelineLogger] picture detected: dummy.png
2026-07-29 12:32:33 [INFO] [PipelineLogger] picture detected: dummy16.png
2026-07-29 12:32:33 [INFO] [PipelineLogger] picture detected: dummy@2x.png
2026-07-29 12:32:33 [INFO] [PipelineLogger] picture detected: effect.png
2026-07-29 12:32:33 [INFO] [PipelineLogger] picture detected: effect16.png
2026-07-29 12:32:33 [INFO] [PipelineLogger] picture detected: effect@2x.png
2026-07-29 12:32:33 [INFO] [PipelineLogger] picture detected: fileinstancing.png
2026-07-29 12:32:33 [INFO] [PipelineLogger] picture detected: fileinstancing16.png
2026-07-29 12:32:33 [INFO] [PipelineLogger] picture detected: fileinstancing@2x.png
2026-07-29 12:32:33 [INFO] [PipelineLogger] picture detected: fog.png
2026-07-29 12:32:33 [INFO] [PipelineLogger] picture detected: fog16.png
2026-07-29 12:32:33 [INFO] [PipelineLogger] picture detected: fog@2x.png
2026-07-29 12:32:33 [INFO] [PipelineLogger] picture detected: group.png
2026-07-29 12:32:33 [INFO] [PipelineLogger] picture detected: group16.png
2026-07-29 12:32:33 [INFO] [PipelineLogger] picture detected: group@2x.png
2026-07-29 12:32:33 [INFO] [PipelineLogger] picture detected: instancelist.png
2026-07-29 12:32:33 [INFO] [PipelineLogger] picture detected: instancelist16.png
2026-07-29 12:32:33 [INFO] [PipelineLogger] picture detected: instancelist@2x.png
2026-07-29 12:32:33 [INFO] [PipelineLogger] picture detected: instancelistentry.png
2026-07-29 12:32:33 [INFO] [PipelineLogger] picture detected: instancelistentry16.png
2026-07-29 12:32:33 [INFO] [PipelineLogger] picture detected: instancelistentry@2x.png
2026-07-29 12:32:33 [INFO] [PipelineLogger] picture detected: joint.png
2026-07-29 12:32:33 [INFO] [PipelineLogger] picture detected: joint16.png
2026-07-29 12:32:33 [INFO] [PipelineLogger] picture detected: joint@2x.png
2026-07-29 12:32:33 [INFO] [PipelineLogger] picture detected: lightdirectional.png
2026-07-29 12:32:33 [INFO] [PipelineLogger] picture detected: lightdirectional16.png
2026-07-29 12:32:33 [INFO] [PipelineLogger] picture detected: lightdirectional@2x.png
2026-07-29 12:32:33 [INFO] [PipelineLogger] picture detected: lightmapper.png
2026-07-29 12:32:33 [INFO] [PipelineLogger] picture detected: lightmapper16.png
2026-07-29 12:32:33 [INFO] [PipelineLogger] picture detected: lightmapper@2x.png
2026-07-29 12:32:33 [INFO] [PipelineLogger] picture detected: lightpoint.png
2026-07-29 12:32:33 [INFO] [PipelineLogger] picture detected: lightpoint16.png
2026-07-29 12:32:33 [INFO] [PipelineLogger] picture detected: lightpoint@2x.png
2026-07-29 12:32:33 [INFO] [PipelineLogger] picture detected: lightspot.png
2026-07-29 12:32:33 [INFO] [PipelineLogger] picture detected: lightspot16.png
2026-07-29 12:32:33 [INFO] [PipelineLogger] picture detected: lightspot@2x.png
2026-07-29 12:32:33 [INFO] [PipelineLogger] picture detected: loader3d.png
2026-07-29 12:32:33 [INFO] [PipelineLogger] picture detected: loader3d16.png
2026-07-29 12:32:33 [INFO] [PipelineLogger] picture detected: loader3d@2x.png
2026-07-29 12:32:33 [INFO] [PipelineLogger] picture detected: material.png
2026-07-29 12:32:33 [INFO] [PipelineLogger] picture detected: material16.png
2026-07-29 12:32:33 [INFO] [PipelineLogger] picture detected: material@2x.png
2026-07-29 12:32:33 [INFO] [PipelineLogger] picture detected: model16.png
2026-07-29 12:32:33 [INFO] [PipelineLogger] picture detected: morphtarget.png
2026-07-29 12:32:33 [INFO] [PipelineLogger] picture detected: morphtarget16.png
2026-07-29 12:32:33 [INFO] [PipelineLogger] picture detected: morphtarget@2x.png
2026-07-29 12:32:33 [INFO] [PipelineLogger] picture detected: plane.png
2026-07-29 12:32:33 [INFO] [PipelineLogger] picture detected: plane16.png
2026-07-29 12:32:33 [INFO] [PipelineLogger] picture detected: plane@2x.png
2026-07-29 12:32:33 [INFO] [PipelineLogger] picture detected: reflectionProbe.png
2026-07-29 12:32:33 [INFO] [PipelineLogger] picture detected: reflectionProbe16.png
2026-07-29 12:32:33 [INFO] [PipelineLogger] picture detected: reflectionProbe@2x.png
2026-07-29 12:32:33 [INFO] [PipelineLogger] picture detected: repeater3d.png
2026-07-29 12:32:33 [INFO] [PipelineLogger] picture detected: repeater3d16.png
2026-07-29 12:32:33 [INFO] [PipelineLogger] picture detected: repeater3d@2x.png
2026-07-29 12:32:33 [INFO] [PipelineLogger] picture detected: resourceloader.png
2026-07-29 12:32:33 [INFO] [PipelineLogger] picture detected: resourceloader16.png
2026-07-29 12:32:33 [INFO] [PipelineLogger] picture detected: resourceloader@2x.png
2026-07-29 12:32:33 [INFO] [PipelineLogger] picture detected: scene.png
2026-07-29 12:32:33 [INFO] [PipelineLogger] picture detected: scene16.png
2026-07-29 12:32:33 [INFO] [PipelineLogger] picture detected: scene@2x.png
2026-07-29 12:32:33 [INFO] [PipelineLogger] picture detected: shadercommand.png
2026-07-29 12:32:33 [INFO] [PipelineLogger] picture detected: shadercommand16.png
2026-07-29 12:32:33 [INFO] [PipelineLogger] picture detected: shadercommand@2x.png
2026-07-29 12:32:33 [INFO] [PipelineLogger] picture detected: shaderutil.png
2026-07-29 12:32:33 [INFO] [PipelineLogger] picture detected: shaderutil16.png
2026-07-29 12:32:33 [INFO] [PipelineLogger] picture detected: shaderutil@2x.png
2026-07-29 12:32:33 [INFO] [PipelineLogger] picture detected: skeleton.png
2026-07-29 12:32:33 [INFO] [PipelineLogger] picture detected: skeleton16.png
2026-07-29 12:32:33 [INFO] [PipelineLogger] picture detected: skeleton@2x.png
2026-07-29 12:32:33 [INFO] [PipelineLogger] picture detected: skin.png
2026-07-29 12:32:33 [INFO] [PipelineLogger] picture detected: skin16.png
2026-07-29 12:32:33 [INFO] [PipelineLogger] picture detected: skin@2x.png
2026-07-29 12:32:33 [INFO] [PipelineLogger] picture detected: sphere.png
2026-07-29 12:32:33 [INFO] [PipelineLogger] picture detected: sphere16.png
2026-07-29 12:32:33 [INFO] [PipelineLogger] picture detected: sphere@2x.png
2026-07-29 12:32:33 [INFO] [PipelineLogger] picture detected: texture.png
2026-07-29 12:32:33 [INFO] [PipelineLogger] picture detected: texture16.png
2026-07-29 12:32:33 [INFO] [PipelineLogger] picture detected: texture@2x.png
2026-07-29 12:32:33 [INFO] [PipelineLogger] picture detected: view3D.png
2026-07-29 12:32:33 [INFO] [PipelineLogger] picture detected: view3D16.png
2026-07-29 12:32:33 [INFO] [PipelineLogger] picture detected: view3D@2x.png
2026-07-29 12:32:33 [INFO] [PipelineLogger] picture detected: dummy.png
2026-07-29 12:32:33 [INFO] [PipelineLogger] picture detected: dummy16.png
2026-07-29 12:32:33 [INFO] [PipelineLogger] picture detected: dummy@2x.png
2026-07-29 12:32:33 [INFO] [PipelineLogger] picture detected: runtimeloader.png
2026-07-29 12:32:33 [INFO] [PipelineLogger] picture detected: runtimeloader16.png
2026-07-29 12:32:33 [INFO] [PipelineLogger] picture detected: runtimeloader@2x.png
2026-07-29 12:32:33 [INFO] [PipelineLogger] picture detected: checkmark.png
2026-07-29 12:32:33 [INFO] [PipelineLogger] picture detected: checkmark@2x.png
2026-07-29 12:32:33 [INFO] [PipelineLogger] picture detected: checkmark@3x.png
2026-07-29 12:32:33 [INFO] [PipelineLogger] picture detected: close_big.png
2026-07-29 12:32:33 [INFO] [PipelineLogger] picture detected: close_big@2x.png
2026-07-29 12:32:33 [INFO] [PipelineLogger] picture detected: close_big@3x.png
2026-07-29 12:32:33 [INFO] [PipelineLogger] picture detected: menuarrow.png
2026-07-29 12:32:33 [INFO] [PipelineLogger] picture detected: menuarrow@2x.png
2026-07-29 12:32:33 [INFO] [PipelineLogger] picture detected: menuarrow@3x.png
2026-07-29 12:32:33 [INFO] [PipelineLogger] picture detected: search-magnifier.png
2026-07-29 12:32:33 [INFO] [PipelineLogger] picture detected: search-magnifier@2x.png
2026-07-29 12:32:33 [INFO] [PipelineLogger] picture detected: search-magnifier@3x.png
2026-07-29 12:32:33 [INFO] [PipelineLogger] picture detected: checkmark.png
2026-07-29 12:32:33 [INFO] [PipelineLogger] picture detected: checkmark@2x.png
2026-07-29 12:32:33 [INFO] [PipelineLogger] picture detected: checkmark@3x.png
2026-07-29 12:32:33 [INFO] [PipelineLogger] picture detected: close_big.png
2026-07-29 12:32:33 [INFO] [PipelineLogger] picture detected: close_big@2x.png
2026-07-29 12:32:33 [INFO] [PipelineLogger] picture detected: close_big@3x.png
2026-07-29 12:32:33 [INFO] [PipelineLogger] picture detected: menuarrow.png
2026-07-29 12:32:33 [INFO] [PipelineLogger] picture detected: menuarrow@2x.png
2026-07-29 12:32:33 [INFO] [PipelineLogger] picture detected: menuarrow@3x.png
2026-07-29 12:32:33 [INFO] [PipelineLogger] picture detected: search-magnifier.png
2026-07-29 12:32:33 [INFO] [PipelineLogger] picture detected: search-magnifier@2x.png
2026-07-29 12:32:33 [INFO] [PipelineLogger] picture detected: search-magnifier@3x.png
2026-07-29 12:32:33 [INFO] [PipelineLogger] picture detected: checkbox-indicator-checked-disabled.png
2026-07-29 12:32:33 [INFO] [PipelineLogger] picture detected: checkbox-indicator-checked-disabled@2x.png
2026-07-29 12:32:33 [INFO] [PipelineLogger] picture detected: checkbox-indicator-checked-disabled@3x.png
2026-07-29 12:32:33 [INFO] [PipelineLogger] picture detected: checkbox-indicator-checked-hovered.png
2026-07-29 12:32:33 [INFO] [PipelineLogger] picture detected: checkbox-indicator-checked-hovered@2x.png
2026-07-29 12:32:33 [INFO] [PipelineLogger] picture detected: checkbox-indicator-checked-hovered@3x.png
2026-07-29 12:32:33 [INFO] [PipelineLogger] picture detected: checkbox-indicator-checked-pressed.png
2026-07-29 12:32:33 [INFO] [PipelineLogger] picture detected: checkbox-indicator-checked-pressed@2x.png
2026-07-29 12:32:33 [INFO] [PipelineLogger] picture detected: checkbox-indicator-checked-pressed@3x.png
2026-07-29 12:32:33 [INFO] [PipelineLogger] picture detected: checkbox-indicator-checked.png
2026-07-29 12:32:33 [INFO] [PipelineLogger] picture detected: checkbox-indicator-checked@2x.png
2026-07-29 12:32:33 [INFO] [PipelineLogger] picture detected: checkbox-indicator-checked@3x.png
2026-07-29 12:32:33 [INFO] [PipelineLogger] picture detected: checkbox-indicator-disabled-partiallyChecked.png
2026-07-29 12:32:33 [INFO] [PipelineLogger] picture detected: checkbox-indicator-disabled-partiallyChecked@2x.png
2026-07-29 12:32:33 [INFO] [PipelineLogger] picture detected: checkbox-indicator-disabled-partiallyChecked@3x.png
2026-07-29 12:32:33 [INFO] [PipelineLogger] picture detected: checkbox-indicator-disabled.png
2026-07-29 12:32:33 [INFO] [PipelineLogger] picture detected: checkbox-indicator-disabled@2x.png
2026-07-29 12:32:33 [INFO] [PipelineLogger] picture detected: checkbox-indicator-disabled@3x.png
2026-07-29 12:32:33 [INFO] [PipelineLogger] picture detected: checkbox-indicator-hovered-partiallyChecked.png
2026-07-29 12:32:33 [INFO] [PipelineLogger] picture detected: checkbox-indicator-hovered-partiallyChecked@2x.png
2026-07-29 12:32:33 [INFO] [PipelineLogger] picture detected: checkbox-indicator-hovered-partiallyChecked@3x.png
2026-07-29 12:32:33 [INFO] [PipelineLogger] picture detected: checkbox-indicator-hovered.png
2026-07-29 12:32:33 [INFO] [PipelineLogger] picture detected: checkbox-indicator-hovered@2x.png
2026-07-29 12:32:33 [INFO] [PipelineLogger] picture detected: checkbox-indicator-hovered@3x.png
2026-07-29 12:32:33 [INFO] [PipelineLogger] picture detected: checkbox-indicator-partiallyChecked-pressed.png
2026-07-29 12:32:33 [INFO] [PipelineLogger] picture detected: checkbox-indicator-partiallyChecked-pressed@2x.png
2026-07-29 12:32:33 [INFO] [PipelineLogger] picture detected: checkbox-indicator-partiallyChecked-pressed@3x.png
2026-07-29 12:32:33 [INFO] [PipelineLogger] picture detected: checkbox-indicator-partiallyChecked.png
2026-07-29 12:32:33 [INFO] [PipelineLogger] picture detected: checkbox-indicator-partiallyChecked@2x.png
2026-07-29 12:32:33 [INFO] [PipelineLogger] picture detected: checkbox-indicator-partiallyChecked@3x.png
2026-07-29 12:32:33 [INFO] [PipelineLogger] picture detected: checkbox-indicator-pressed.png
2026-07-29 12:32:33 [INFO] [PipelineLogger] picture detected: checkbox-indicator-pressed@2x.png
2026-07-29 12:32:33 [INFO] [PipelineLogger] picture detected: checkbox-indicator-pressed@3x.png
2026-07-29 12:32:33 [INFO] [PipelineLogger] picture detected: checkbox-indicator.png
2026-07-29 12:32:33 [INFO] [PipelineLogger] picture detected: checkbox-indicator@2x.png
2026-07-29 12:32:33 [INFO] [PipelineLogger] picture detected: checkbox-indicator@3x.png
2026-07-29 12:32:33 [INFO] [PipelineLogger] picture detected: combobox-background-disabled.png
2026-07-29 12:32:33 [INFO] [PipelineLogger] picture detected: combobox-background-disabled@2x.png
2026-07-29 12:32:33 [INFO] [PipelineLogger] picture detected: combobox-background-disabled@3x.png
2026-07-29 12:32:33 [INFO] [PipelineLogger] picture detected: combobox-background-focused.png
2026-07-29 12:32:33 [INFO] [PipelineLogger] picture detected: combobox-background-focused@2x.png
2026-07-29 12:32:33 [INFO] [PipelineLogger] picture detected: combobox-background-focused@3x.png
2026-07-29 12:32:33 [INFO] [PipelineLogger] picture detected: combobox-background-hovered-open.png
2026-07-29 12:32:33 [INFO] [PipelineLogger] picture detected: combobox-background-hovered-open@2x.png
2026-07-29 12:32:33 [INFO] [PipelineLogger] picture detected: combobox-background-hovered-open@3x.png
2026-07-29 12:32:33 [INFO] [PipelineLogger] picture detected: combobox-background-hovered.png
2026-07-29 12:32:33 [INFO] [PipelineLogger] picture detected: combobox-background-hovered@2x.png
2026-07-29 12:32:33 [INFO] [PipelineLogger] picture detected: combobox-background-hovered@3x.png
2026-07-29 12:32:33 [INFO] [PipelineLogger] picture detected: combobox-background-open-pressed.png
2026-07-29 12:32:33 [INFO] [PipelineLogger] picture detected: combobox-background-open-pressed@2x.png
2026-07-29 12:32:33 [INFO] [PipelineLogger] picture detected: combobox-background-open-pressed@3x.png
2026-07-29 12:32:33 [INFO] [PipelineLogger] picture detected: combobox-background-open.png
2026-07-29 12:32:33 [INFO] [PipelineLogger] picture detected: combobox-background-open@2x.png
2026-07-29 12:32:33 [INFO] [PipelineLogger] picture detected: combobox-background-open@3x.png
2026-07-29 12:32:33 [INFO] [PipelineLogger] picture detected: combobox-background-pressed.png
2026-07-29 12:32:33 [INFO] [PipelineLogger] picture detected: combobox-background-pressed@2x.png
2026-07-29 12:32:33 [INFO] [PipelineLogger] picture detected: combobox-background-pressed@3x.png
2026-07-29 12:32:33 [INFO] [PipelineLogger] picture detected: combobox-background.png
2026-07-29 12:32:33 [INFO] [PipelineLogger] picture detected: combobox-background@2x.png
2026-07-29 12:32:33 [INFO] [PipelineLogger] picture detected: combobox-background@3x.png
2026-07-29 12:32:33 [INFO] [PipelineLogger] picture detected: combobox-indicator-disabled.png
2026-07-29 12:32:33 [INFO] [PipelineLogger] picture detected: combobox-indicator-disabled@2x.png
2026-07-29 12:32:33 [INFO] [PipelineLogger] picture detected: combobox-indicator-disabled@3x.png
2026-07-29 12:32:33 [INFO] [PipelineLogger] picture detected: combobox-indicator-focused.png
2026-07-29 12:32:33 [INFO] [PipelineLogger] picture detected: combobox-indicator-focused@2x.png
2026-07-29 12:32:33 [INFO] [PipelineLogger] picture detected: combobox-indicator-focused@3x.png
2026-07-29 12:32:33 [INFO] [PipelineLogger] picture detected: combobox-indicator-hovered-open.png
2026-07-29 12:32:33 [INFO] [PipelineLogger] picture detected: combobox-indicator-hovered-open@2x.png
2026-07-29 12:32:33 [INFO] [PipelineLogger] picture detected: combobox-indicator-hovered-open@3x.png
2026-07-29 12:32:33 [INFO] [PipelineLogger] picture detected: combobox-indicator-hovered.png
2026-07-29 12:32:33 [INFO] [PipelineLogger] picture detected: combobox-indicator-hovered@2x.png
2026-07-29 12:32:33 [INFO] [PipelineLogger] picture detected: combobox-indicator-hovered@3x.png
2026-07-29 12:32:33 [INFO] [PipelineLogger] picture detected: combobox-indicator-open-pressed.png
2026-07-29 12:32:33 [INFO] [PipelineLogger] picture detected: combobox-indicator-open-pressed@2x.png
2026-07-29 12:32:33 [INFO] [PipelineLogger] picture detected: combobox-indicator-open-pressed@3x.png
2026-07-29 12:32:33 [INFO] [PipelineLogger] picture detected: combobox-indicator-open.png
2026-07-29 12:32:33 [INFO] [PipelineLogger] picture detected: combobox-indicator-open@2x.png
2026-07-29 12:32:33 [INFO] [PipelineLogger] picture detected: combobox-indicator-open@3x.png
2026-07-29 12:32:33 [INFO] [PipelineLogger] picture detected: combobox-indicator-pressed.png
2026-07-29 12:32:33 [INFO] [PipelineLogger] picture detected: combobox-indicator-pressed@2x.png
2026-07-29 12:32:33 [INFO] [PipelineLogger] picture detected: combobox-indicator-pressed@3x.png
2026-07-29 12:32:33 [INFO] [PipelineLogger] picture detected: combobox-indicator.png
2026-07-29 12:32:33 [INFO] [PipelineLogger] picture detected: combobox-indicator@2x.png
2026-07-29 12:32:33 [INFO] [PipelineLogger] picture detected: combobox-indicator@3x.png
2026-07-29 12:32:33 [INFO] [PipelineLogger] picture detected: editablecombobox-background-hovered-open.png
2026-07-29 12:32:33 [INFO] [PipelineLogger] picture detected: editablecombobox-background-hovered-open@2x.png
2026-07-29 12:32:33 [INFO] [PipelineLogger] picture detected: editablecombobox-background-hovered-open@3x.png
2026-07-29 12:32:33 [INFO] [PipelineLogger] picture detected: editablecombobox-background-open-pressed.png
2026-07-29 12:32:33 [INFO] [PipelineLogger] picture detected: editablecombobox-background-open-pressed@2x.png
2026-07-29 12:32:33 [INFO] [PipelineLogger] picture detected: editablecombobox-background-open-pressed@3x.png
2026-07-29 12:32:33 [INFO] [PipelineLogger] picture detected: editablecombobox-background-open.png
2026-07-29 12:32:33 [INFO] [PipelineLogger] picture detected: editablecombobox-background-open@2x.png
2026-07-29 12:32:33 [INFO] [PipelineLogger] picture detected: editablecombobox-background-open@3x.png
2026-07-29 12:32:33 [INFO] [PipelineLogger] picture detected: editablecombobox-indicator-hovered-open.png
2026-07-29 12:32:33 [INFO] [PipelineLogger] picture detected: editablecombobox-indicator-hovered-open@2x.png
2026-07-29 12:32:33 [INFO] [PipelineLogger] picture detected: editablecombobox-indicator-hovered-open@3x.png
2026-07-29 12:32:33 [INFO] [PipelineLogger] picture detected: editablecombobox-indicator-open-pressed.png
2026-07-29 12:32:33 [INFO] [PipelineLogger] picture detected: editablecombobox-indicator-open-pressed@2x.png
2026-07-29 12:32:33 [INFO] [PipelineLogger] picture detected: editablecombobox-indicator-open-pressed@3x.png
2026-07-29 12:32:33 [INFO] [PipelineLogger] picture detected: editablecombobox-indicator-open.png
2026-07-29 12:32:33 [INFO] [PipelineLogger] picture detected: editablecombobox-indicator-open@2x.png
2026-07-29 12:32:33 [INFO] [PipelineLogger] picture detected: editablecombobox-indicator-open@3x.png
2026-07-29 12:32:33 [INFO] [PipelineLogger] picture detected: editablecombobox-popup-background-hovered-open.png
2026-07-29 12:32:33 [INFO] [PipelineLogger] picture detected: editablecombobox-popup-background-hovered-open@2x.png
2026-07-29 12:32:33 [INFO] [PipelineLogger] picture detected: editablecombobox-popup-background-hovered-open@3x.png
2026-07-29 12:32:33 [INFO] [PipelineLogger] picture detected: editablecombobox-popup-background-open-pressed.png
2026-07-29 12:32:33 [INFO] [PipelineLogger] picture detected: editablecombobox-popup-background-open-pressed@2x.png
2026-07-29 12:32:33 [INFO] [PipelineLogger] picture detected: editablecombobox-popup-background-open-pressed@3x.png
2026-07-29 12:32:33 [INFO] [PipelineLogger] picture detected: editablecombobox-popup-background-open.png
2026-07-29 12:32:33 [INFO] [PipelineLogger] picture detected: editablecombobox-popup-background-open@2x.png
2026-07-29 12:32:33 [INFO] [PipelineLogger] picture detected: editablecombobox-popup-background-open@3x.png
2026-07-29 12:32:33 [INFO] [PipelineLogger] picture detected: frame-background-disabled.png
2026-07-29 12:32:33 [INFO] [PipelineLogger] picture detected: frame-background-disabled@2x.png
2026-07-29 12:32:33 [INFO] [PipelineLogger] picture detected: frame-background-disabled@3x.png
2026-07-29 12:32:33 [INFO] [PipelineLogger] picture detected: frame-background.png
2026-07-29 12:32:33 [INFO] [PipelineLogger] picture detected: frame-background@2x.png
2026-07-29 12:32:33 [INFO] [PipelineLogger] picture detected: frame-background@3x.png
2026-07-29 12:32:33 [INFO] [PipelineLogger] picture detected: itemdelegate-background-highlighted-hovered.png
2026-07-29 12:32:33 [INFO] [PipelineLogger] picture detected: itemdelegate-background-highlighted-hovered@2x.png
2026-07-29 12:32:33 [INFO] [PipelineLogger] picture detected: itemdelegate-background-highlighted-hovered@3x.png
2026-07-29 12:32:33 [INFO] [PipelineLogger] picture detected: itemdelegate-background-highlighted-pressed.png
2026-07-29 12:32:33 [INFO] [PipelineLogger] picture detected: itemdelegate-background-highlighted-pressed@2x.png
2026-07-29 12:32:33 [INFO] [PipelineLogger] picture detected: itemdelegate-background-highlighted-pressed@3x.png
2026-07-29 12:32:33 [INFO] [PipelineLogger] picture detected: itemdelegate-background-highlighted.png
2026-07-29 12:32:33 [INFO] [PipelineLogger] picture detected: itemdelegate-background-highlighted@2x.png
2026-07-29 12:32:33 [INFO] [PipelineLogger] picture detected: itemdelegate-background-highlighted@3x.png
2026-07-29 12:32:33 [INFO] [PipelineLogger] picture detected: itemdelegate-background-hovered.png
2026-07-29 12:32:33 [INFO] [PipelineLogger] picture detected: itemdelegate-background-hovered@2x.png
2026-07-29 12:32:33 [INFO] [PipelineLogger] picture detected: itemdelegate-background-hovered@3x.png
2026-07-29 12:32:33 [INFO] [PipelineLogger] picture detected: itemdelegate-background-pressed.png
2026-07-29 12:32:33 [INFO] [PipelineLogger] picture detected: itemdelegate-background-pressed@2x.png
2026-07-29 12:32:33 [INFO] [PipelineLogger] picture detected: itemdelegate-background-pressed@3x.png
2026-07-29 12:32:33 [INFO] [PipelineLogger] picture detected: pageindicatordelegate-indicator-delegate-current-hovered.png
2026-07-29 12:32:33 [INFO] [PipelineLogger] picture detected: pageindicatordelegate-indicator-delegate-current-hovered@2x.png
2026-07-29 12:32:33 [INFO] [PipelineLogger] picture detected: pageindicatordelegate-indicator-delegate-current-hovered@3x.png
2026-07-29 12:32:33 [INFO] [PipelineLogger] picture detected: pageindicatordelegate-indicator-delegate-current-pressed.png
2026-07-29 12:32:33 [INFO] [PipelineLogger] picture detected: pageindicatordelegate-indicator-delegate-current-pressed@2x.png
2026-07-29 12:32:33 [INFO] [PipelineLogger] picture detected: pageindicatordelegate-indicator-delegate-current-pressed@3x.png
2026-07-29 12:32:33 [INFO] [PipelineLogger] picture detected: pageindicatordelegate-indicator-delegate-current.png
2026-07-29 12:32:33 [INFO] [PipelineLogger] picture detected: pageindicatordelegate-indicator-delegate-current@2x.png
2026-07-29 12:32:33 [INFO] [PipelineLogger] picture detected: pageindicatordelegate-indicator-delegate-current@3x.png
2026-07-29 12:32:33 [INFO] [PipelineLogger] picture detected: pageindicatordelegate-indicator-delegate-pressed.png
2026-07-29 12:32:33 [INFO] [PipelineLogger] picture detected: pageindicatordelegate-indicator-delegate-pressed@2x.png
2026-07-29 12:32:33 [INFO] [PipelineLogger] picture detected: pageindicatordelegate-indicator-delegate-pressed@3x.png
2026-07-29 12:32:33 [INFO] [PipelineLogger] picture detected: pageindicatordelegate-indicator-disabled.png
2026-07-29 12:32:33 [INFO] [PipelineLogger] picture detected: pageindicatordelegate-indicator-disabled@2x.png
2026-07-29 12:32:33 [INFO] [PipelineLogger] picture detected: pageindicatordelegate-indicator-disabled@3x.png
2026-07-29 12:32:33 [INFO] [PipelineLogger] picture detected: pageindicatordelegate-indicator-hovered.png
2026-07-29 12:32:33 [INFO] [PipelineLogger] picture detected: pageindicatordelegate-indicator-hovered@2x.png
2026-07-29 12:32:33 [INFO] [PipelineLogger] picture detected: pageindicatordelegate-indicator-hovered@3x.png
2026-07-29 12:32:33 [INFO] [PipelineLogger] picture detected: pageindicatordelegate-indicator.png
2026-07-29 12:32:33 [INFO] [PipelineLogger] picture detected: pageindicatordelegate-indicator@2x.png
2026-07-29 12:32:33 [INFO] [PipelineLogger] picture detected: pageindicatordelegate-indicator@3x.png
2026-07-29 12:32:33 [INFO] [PipelineLogger] picture detected: popup-background.png
2026-07-29 12:32:33 [INFO] [PipelineLogger] picture detected: popup-background@2x.png
2026-07-29 12:32:33 [INFO] [PipelineLogger] picture detected: popup-background@3x.png
2026-07-29 12:32:33 [INFO] [PipelineLogger] picture detected: progressbar-groove-disabled.png
2026-07-29 12:32:33 [INFO] [PipelineLogger] picture detected: progressbar-groove-disabled@2x.png
2026-07-29 12:32:33 [INFO] [PipelineLogger] picture detected: progressbar-groove-disabled@3x.png
2026-07-29 12:32:33 [INFO] [PipelineLogger] picture detected: progressbar-groove.png
2026-07-29 12:32:33 [INFO] [PipelineLogger] picture detected: progressbar-groove@2x.png
2026-07-29 12:32:33 [INFO] [PipelineLogger] picture detected: progressbar-groove@3x.png
2026-07-29 12:32:33 [INFO] [PipelineLogger] picture detected: radiobutton-indicator-checked-disabled.png
2026-07-29 12:32:33 [INFO] [PipelineLogger] picture detected: radiobutton-indicator-checked-disabled@2x.png
2026-07-29 12:32:33 [INFO] [PipelineLogger] picture detected: radiobutton-indicator-checked-disabled@3x.png
2026-07-29 12:32:33 [INFO] [PipelineLogger] picture detected: radiobutton-indicator-checked-hovered.png
2026-07-29 12:32:33 [INFO] [PipelineLogger] picture detected: radiobutton-indicator-checked-hovered@2x.png
2026-07-29 12:32:33 [INFO] [PipelineLogger] picture detected: radiobutton-indicator-checked-hovered@3x.png
2026-07-29 12:32:33 [INFO] [PipelineLogger] picture detected: radiobutton-indicator-checked-pressed.png
2026-07-29 12:32:33 [INFO] [PipelineLogger] picture detected: radiobutton-indicator-checked-pressed@2x.png
2026-07-29 12:32:33 [INFO] [PipelineLogger] picture detected: radiobutton-indicator-checked-pressed@3x.png
2026-07-29 12:32:33 [INFO] [PipelineLogger] picture detected: radiobutton-indicator-checked.png
2026-07-29 12:32:33 [INFO] [PipelineLogger] picture detected: radiobutton-indicator-checked@2x.png
2026-07-29 12:32:33 [INFO] [PipelineLogger] picture detected: radiobutton-indicator-checked@3x.png
2026-07-29 12:32:33 [INFO] [PipelineLogger] picture detected: radiobutton-indicator-disabled.png
2026-07-29 12:32:33 [INFO] [PipelineLogger] picture detected: radiobutton-indicator-disabled@2x.png
2026-07-29 12:32:33 [INFO] [PipelineLogger] picture detected: radiobutton-indicator-disabled@3x.png
2026-07-29 12:32:33 [INFO] [PipelineLogger] picture detected: radiobutton-indicator-hovered.png
2026-07-29 12:32:33 [INFO] [PipelineLogger] picture detected: radiobutton-indicator-hovered@2x.png
2026-07-29 12:32:33 [INFO] [PipelineLogger] picture detected: radiobutton-indicator-hovered@3x.png
2026-07-29 12:32:33 [INFO] [PipelineLogger] picture detected: radiobutton-indicator-pressed.png
2026-07-29 12:32:33 [INFO] [PipelineLogger] picture detected: radiobutton-indicator-pressed@2x.png
2026-07-29 12:32:33 [INFO] [PipelineLogger] picture detected: radiobutton-indicator-pressed@3x.png
2026-07-29 12:32:33 [INFO] [PipelineLogger] picture detected: radiobutton-indicator.png
2026-07-29 12:32:33 [INFO] [PipelineLogger] picture detected: radiobutton-indicator@2x.png
2026-07-29 12:32:33 [INFO] [PipelineLogger] picture detected: radiobutton-indicator@3x.png
2026-07-29 12:32:33 [INFO] [PipelineLogger] picture detected: rangeslider-first-handle-disabled.png
2026-07-29 12:32:33 [INFO] [PipelineLogger] picture detected: rangeslider-first-handle-disabled@2x.png
2026-07-29 12:32:33 [INFO] [PipelineLogger] picture detected: rangeslider-first-handle-disabled@3x.png
2026-07-29 12:32:33 [INFO] [PipelineLogger] picture detected: rangeslider-first-handle-handle-pressed.png
2026-07-29 12:32:33 [INFO] [PipelineLogger] picture detected: rangeslider-first-handle-handle-pressed@2x.png
2026-07-29 12:32:33 [INFO] [PipelineLogger] picture detected: rangeslider-first-handle-handle-pressed@3x.png
2026-07-29 12:32:33 [INFO] [PipelineLogger] picture detected: rangeslider-first-handle-hovered.png
2026-07-29 12:32:33 [INFO] [PipelineLogger] picture detected: rangeslider-first-handle-hovered@2x.png
2026-07-29 12:32:33 [INFO] [PipelineLogger] picture detected: rangeslider-first-handle-hovered@3x.png
2026-07-29 12:32:33 [INFO] [PipelineLogger] picture detected: rangeslider-first-handle.png
2026-07-29 12:32:33 [INFO] [PipelineLogger] picture detected: rangeslider-first-handle@2x.png
2026-07-29 12:32:33 [INFO] [PipelineLogger] picture detected: rangeslider-first-handle@3x.png
2026-07-29 12:32:33 [INFO] [PipelineLogger] picture detected: rangeslider-groove-disabled.png
2026-07-29 12:32:33 [INFO] [PipelineLogger] picture detected: rangeslider-groove-disabled@2x.png
2026-07-29 12:32:33 [INFO] [PipelineLogger] picture detected: rangeslider-groove-disabled@3x.png
2026-07-29 12:32:33 [INFO] [PipelineLogger] picture detected: rangeslider-groove-handle-pressed.png
2026-07-29 12:32:33 [INFO] [PipelineLogger] picture detected: rangeslider-groove-handle-pressed@2x.png
2026-07-29 12:32:33 [INFO] [PipelineLogger] picture detected: rangeslider-groove-handle-pressed@3x.png
2026-07-29 12:32:33 [INFO] [PipelineLogger] picture detected: rangeslider-groove-hovered.png
2026-07-29 12:32:33 [INFO] [PipelineLogger] picture detected: rangeslider-groove-hovered@2x.png
2026-07-29 12:32:33 [INFO] [PipelineLogger] picture detected: rangeslider-groove-hovered@3x.png
2026-07-29 12:32:33 [INFO] [PipelineLogger] picture detected: rangeslider-groove.png
2026-07-29 12:32:33 [INFO] [PipelineLogger] picture detected: rangeslider-groove@2x.png
2026-07-29 12:32:33 [INFO] [PipelineLogger] picture detected: rangeslider-groove@3x.png
2026-07-29 12:32:33 [INFO] [PipelineLogger] picture detected: rangeslider-second-handle-disabled.png
2026-07-29 12:32:33 [INFO] [PipelineLogger] picture detected: rangeslider-second-handle-disabled@2x.png
2026-07-29 12:32:33 [INFO] [PipelineLogger] picture detected: rangeslider-second-handle-disabled@3x.png
2026-07-29 12:32:33 [INFO] [PipelineLogger] picture detected: rangeslider-second-handle-handle-pressed.png
2026-07-29 12:32:33 [INFO] [PipelineLogger] picture detected: rangeslider-second-handle-handle-pressed@2x.png
2026-07-29 12:32:33 [INFO] [PipelineLogger] picture detected: rangeslider-second-handle-handle-pressed@3x.png
2026-07-29 12:32:33 [INFO] [PipelineLogger] picture detected: rangeslider-second-handle-hovered.png
2026-07-29 12:32:33 [INFO] [PipelineLogger] picture detected: rangeslider-second-handle-hovered@2x.png
2026-07-29 12:32:33 [INFO] [PipelineLogger] picture detected: rangeslider-second-handle-hovered@3x.png
2026-07-29 12:32:33 [INFO] [PipelineLogger] picture detected: rangeslider-second-handle.png
2026-07-29 12:32:33 [INFO] [PipelineLogger] picture detected: rangeslider-second-handle@2x.png
2026-07-29 12:32:33 [INFO] [PipelineLogger] picture detected: rangeslider-second-handle@3x.png
2026-07-29 12:32:33 [INFO] [PipelineLogger] picture detected: slider-groove-disabled.png
2026-07-29 12:32:33 [INFO] [PipelineLogger] picture detected: slider-groove-disabled@2x.png
2026-07-29 12:32:33 [INFO] [PipelineLogger] picture detected: slider-groove-disabled@3x.png
2026-07-29 12:32:33 [INFO] [PipelineLogger] picture detected: slider-groove-hovered.png
2026-07-29 12:32:33 [INFO] [PipelineLogger] picture detected: slider-groove-hovered@2x.png
2026-07-29 12:32:33 [INFO] [PipelineLogger] picture detected: slider-groove-hovered@3x.png
2026-07-29 12:32:33 [INFO] [PipelineLogger] picture detected: slider-groove-pressed.png
2026-07-29 12:32:33 [INFO] [PipelineLogger] picture detected: slider-groove-pressed@2x.png
2026-07-29 12:32:33 [INFO] [PipelineLogger] picture detected: slider-groove-pressed@3x.png
2026-07-29 12:32:33 [INFO] [PipelineLogger] picture detected: slider-groove.png
2026-07-29 12:32:33 [INFO] [PipelineLogger] picture detected: slider-groove@2x.png
2026-07-29 12:32:33 [INFO] [PipelineLogger] picture detected: slider-groove@3x.png
2026-07-29 12:32:33 [INFO] [PipelineLogger] picture detected: slider-handle-disabled.png
2026-07-29 12:32:33 [INFO] [PipelineLogger] picture detected: slider-handle-disabled@2x.png
2026-07-29 12:32:33 [INFO] [PipelineLogger] picture detected: slider-handle-disabled@3x.png
2026-07-29 12:32:33 [INFO] [PipelineLogger] picture detected: slider-handle-hovered.png
2026-07-29 12:32:33 [INFO] [PipelineLogger] picture detected: slider-handle-hovered@2x.png
2026-07-29 12:32:33 [INFO] [PipelineLogger] picture detected: slider-handle-hovered@3x.png
2026-07-29 12:32:33 [INFO] [PipelineLogger] picture detected: slider-handle-pressed.png
2026-07-29 12:32:33 [INFO] [PipelineLogger] picture detected: slider-handle-pressed@2x.png
2026-07-29 12:32:33 [INFO] [PipelineLogger] picture detected: slider-handle-pressed@3x.png
2026-07-29 12:32:33 [INFO] [PipelineLogger] picture detected: slider-handle.png
2026-07-29 12:32:33 [INFO] [PipelineLogger] picture detected: slider-handle@2x.png
2026-07-29 12:32:33 [INFO] [PipelineLogger] picture detected: slider-handle@3x.png
2026-07-29 12:32:33 [INFO] [PipelineLogger] picture detected: spinbox-background-atlimit.png
2026-07-29 12:32:33 [INFO] [PipelineLogger] picture detected: spinbox-background-atlimit@2x.png
2026-07-29 12:32:33 [INFO] [PipelineLogger] picture detected: spinbox-background-atlimit@3x.png
2026-07-29 12:32:33 [INFO] [PipelineLogger] picture detected: spinbox-background-disabled.png
2026-07-29 12:32:33 [INFO] [PipelineLogger] picture detected: spinbox-background-disabled@2x.png
2026-07-29 12:32:33 [INFO] [PipelineLogger] picture detected: spinbox-background-disabled@3x.png
2026-07-29 12:32:33 [INFO] [PipelineLogger] picture detected: spinbox-background-down-hovered.png
2026-07-29 12:32:33 [INFO] [PipelineLogger] picture detected: spinbox-background-down-hovered@2x.png
2026-07-29 12:32:33 [INFO] [PipelineLogger] picture detected: spinbox-background-down-hovered@3x.png
2026-07-29 12:32:33 [INFO] [PipelineLogger] picture detected: spinbox-background-down-pressed.png
2026-07-29 12:32:33 [INFO] [PipelineLogger] picture detected: spinbox-background-down-pressed@2x.png
2026-07-29 12:32:33 [INFO] [PipelineLogger] picture detected: spinbox-background-down-pressed@3x.png
2026-07-29 12:32:33 [INFO] [PipelineLogger] picture detected: spinbox-background-hovered.png
2026-07-29 12:32:33 [INFO] [PipelineLogger] picture detected: spinbox-background-hovered@2x.png
2026-07-29 12:32:33 [INFO] [PipelineLogger] picture detected: spinbox-background-hovered@3x.png
2026-07-29 12:32:33 [INFO] [PipelineLogger] picture detected: spinbox-background-up-hovered.png
2026-07-29 12:32:33 [INFO] [PipelineLogger] picture detected: spinbox-background-up-hovered@2x.png
2026-07-29 12:32:33 [INFO] [PipelineLogger] picture detected: spinbox-background-up-hovered@3x.png
2026-07-29 12:32:33 [INFO] [PipelineLogger] picture detected: spinbox-background-up-pressed.png
2026-07-29 12:32:33 [INFO] [PipelineLogger] picture detected: spinbox-background-up-pressed@2x.png
2026-07-29 12:32:33 [INFO] [PipelineLogger] picture detected: spinbox-background-up-pressed@3x.png
2026-07-29 12:32:33 [INFO] [PipelineLogger] picture detected: spinbox-background.png
2026-07-29 12:32:33 [INFO] [PipelineLogger] picture detected: spinbox-background@2x.png
2026-07-29 12:32:33 [INFO] [PipelineLogger] picture detected: spinbox-background@3x.png
2026-07-29 12:32:33 [INFO] [PipelineLogger] picture detected: spinbox-indicator-down-background-atlimit.png
2026-07-29 12:32:33 [INFO] [PipelineLogger] picture detected: spinbox-indicator-down-background-atlimit@2x.png
2026-07-29 12:32:33 [INFO] [PipelineLogger] picture detected: spinbox-indicator-down-background-atlimit@3x.png
2026-07-29 12:32:33 [INFO] [PipelineLogger] picture detected: spinbox-indicator-down-background-disabled.png
2026-07-29 12:32:33 [INFO] [PipelineLogger] picture detected: spinbox-indicator-down-background-disabled@2x.png
2026-07-29 12:32:33 [INFO] [PipelineLogger] picture detected: spinbox-indicator-down-background-disabled@3x.png
2026-07-29 12:32:33 [INFO] [PipelineLogger] picture detected: spinbox-indicator-down-background-down-hovered.png
2026-07-29 12:32:33 [INFO] [PipelineLogger] picture detected: spinbox-indicator-down-background-down-hovered@2x.png
2026-07-29 12:32:33 [INFO] [PipelineLogger] picture detected: spinbox-indicator-down-background-down-hovered@3x.png
2026-07-29 12:32:33 [INFO] [PipelineLogger] picture detected: spinbox-indicator-down-background-down-pressed.png
2026-07-29 12:32:33 [INFO] [PipelineLogger] picture detected: spinbox-indicator-down-background-down-pressed@2x.png
2026-07-29 12:32:33 [INFO] [PipelineLogger] picture detected: spinbox-indicator-down-background-down-pressed@3x.png
2026-07-29 12:32:33 [INFO] [PipelineLogger] picture detected: spinbox-indicator-down-background-hovered.png
2026-07-29 12:32:33 [INFO] [PipelineLogger] picture detected: spinbox-indicator-down-background-hovered@2x.png
2026-07-29 12:32:33 [INFO] [PipelineLogger] picture detected: spinbox-indicator-down-background-hovered@3x.png
2026-07-29 12:32:33 [INFO] [PipelineLogger] picture detected: spinbox-indicator-down-background-up-hovered.png
2026-07-29 12:32:33 [INFO] [PipelineLogger] picture detected: spinbox-indicator-down-background-up-hovered@2x.png
2026-07-29 12:32:33 [INFO] [PipelineLogger] picture detected: spinbox-indicator-down-background-up-hovered@3x.png
2026-07-29 12:32:33 [INFO] [PipelineLogger] picture detected: spinbox-indicator-down-background-up-pressed.png
2026-07-29 12:32:33 [INFO] [PipelineLogger] picture detected: spinbox-indicator-down-background-up-pressed@2x.png
2026-07-29 12:32:33 [INFO] [PipelineLogger] picture detected: spinbox-indicator-down-background-up-pressed@3x.png
2026-07-29 12:32:33 [INFO] [PipelineLogger] picture detected: spinbox-indicator-down-background.png
2026-07-29 12:32:33 [INFO] [PipelineLogger] picture detected: spinbox-indicator-down-background@2x.png
2026-07-29 12:32:33 [INFO] [PipelineLogger] picture detected: spinbox-indicator-down-background@3x.png
2026-07-29 12:32:33 [INFO] [PipelineLogger] picture detected: spinbox-indicator-down-icon-atlimit.png
2026-07-29 12:32:33 [INFO] [PipelineLogger] picture detected: spinbox-indicator-down-icon-atlimit@2x.png
2026-07-29 12:32:33 [INFO] [PipelineLogger] picture detected: spinbox-indicator-down-icon-atlimit@3x.png
2026-07-29 12:32:33 [INFO] [PipelineLogger] picture detected: spinbox-indicator-down-icon-disabled.png
2026-07-29 12:32:33 [INFO] [PipelineLogger] picture detected: spinbox-indicator-down-icon-disabled@2x.png
2026-07-29 12:32:33 [INFO] [PipelineLogger] picture detected: spinbox-indicator-down-icon-disabled@3x.png
2026-07-29 12:32:33 [INFO] [PipelineLogger] picture detected: spinbox-indicator-down-icon-down-hovered.png
2026-07-29 12:32:33 [INFO] [PipelineLogger] picture detected: spinbox-indicator-down-icon-down-hovered@2x.png
2026-07-29 12:32:33 [INFO] [PipelineLogger] picture detected: spinbox-indicator-down-icon-down-hovered@3x.png
2026-07-29 12:32:33 [INFO] [PipelineLogger] picture detected: spinbox-indicator-down-icon-down-pressed.png
2026-07-29 12:32:33 [INFO] [PipelineLogger] picture detected: spinbox-indicator-down-icon-down-pressed@2x.png
2026-07-29 12:32:33 [INFO] [PipelineLogger] picture detected: spinbox-indicator-down-icon-down-pressed@3x.png
2026-07-29 12:32:33 [INFO] [PipelineLogger] picture detected: spinbox-indicator-down-icon-hovered.png
2026-07-29 12:32:33 [INFO] [PipelineLogger] picture detected: spinbox-indicator-down-icon-hovered@2x.png
2026-07-29 12:32:33 [INFO] [PipelineLogger] picture detected: spinbox-indicator-down-icon-hovered@3x.png
2026-07-29 12:32:33 [INFO] [PipelineLogger] picture detected: spinbox-indicator-down-icon-up-hovered.png
2026-07-29 12:32:33 [INFO] [PipelineLogger] picture detected: spinbox-indicator-down-icon-up-hovered@2x.png
2026-07-29 12:32:33 [INFO] [PipelineLogger] picture detected: spinbox-indicator-down-icon-up-hovered@3x.png
2026-07-29 12:32:33 [INFO] [PipelineLogger] picture detected: spinbox-indicator-down-icon-up-pressed.png
2026-07-29 12:32:33 [INFO] [PipelineLogger] picture detected: spinbox-indicator-down-icon-up-pressed@2x.png
2026-07-29 12:32:33 [INFO] [PipelineLogger] picture detected: spinbox-indicator-down-icon-up-pressed@3x.png
2026-07-29 12:32:33 [INFO] [PipelineLogger] picture detected: spinbox-indicator-down-icon.png
2026-07-29 12:32:33 [INFO] [PipelineLogger] picture detected: spinbox-indicator-down-icon@2x.png
2026-07-29 12:32:33 [INFO] [PipelineLogger] picture detected: spinbox-indicator-down-icon@3x.png
2026-07-29 12:32:33 [INFO] [PipelineLogger] picture detected: spinbox-indicator-up-background-atlimit.png
2026-07-29 12:32:33 [INFO] [PipelineLogger] picture detected: spinbox-indicator-up-background-atlimit@2x.png
2026-07-29 12:32:33 [INFO] [PipelineLogger] picture detected: spinbox-indicator-up-background-atlimit@3x.png
2026-07-29 12:32:33 [INFO] [PipelineLogger] picture detected: spinbox-indicator-up-background-disabled.png
2026-07-29 12:32:33 [INFO] [PipelineLogger] picture detected: spinbox-indicator-up-background-disabled@2x.png
2026-07-29 12:32:33 [INFO] [PipelineLogger] picture detected: spinbox-indicator-up-background-disabled@3x.png
2026-07-29 12:32:33 [INFO] [PipelineLogger] picture detected: spinbox-indicator-up-background-down-hovered.png
2026-07-29 12:32:33 [INFO] [PipelineLogger] picture detected: spinbox-indicator-up-background-down-hovered@2x.png
2026-07-29 12:32:33 [INFO] [PipelineLogger] picture detected: spinbox-indicator-up-background-down-hovered@3x.png
2026-07-29 12:32:33 [INFO] [PipelineLogger] picture detected: spinbox-indicator-up-background-down-pressed.png
2026-07-29 12:32:33 [INFO] [PipelineLogger] picture detected: spinbox-indicator-up-background-down-pressed@2x.png
2026-07-29 12:32:33 [INFO] [PipelineLogger] picture detected: spinbox-indicator-up-background-down-pressed@3x.png
2026-07-29 12:32:33 [INFO] [PipelineLogger] picture detected: spinbox-indicator-up-background-hovered.png
2026-07-29 12:32:33 [INFO] [PipelineLogger] picture detected: spinbox-indicator-up-background-hovered@2x.png
2026-07-29 12:32:33 [INFO] [PipelineLogger] picture detected: spinbox-indicator-up-background-hovered@3x.png
2026-07-29 12:32:33 [INFO] [PipelineLogger] picture detected: spinbox-indicator-up-background-up-hovered.png
2026-07-29 12:32:33 [INFO] [PipelineLogger] picture detected: spinbox-indicator-up-background-up-hovered@2x.png
2026-07-29 12:32:33 [INFO] [PipelineLogger] picture detected: spinbox-indicator-up-background-up-hovered@3x.png
2026-07-29 12:32:33 [INFO] [PipelineLogger] picture detected: spinbox-indicator-up-background-up-pressed.png
2026-07-29 12:32:33 [INFO] [PipelineLogger] picture detected: spinbox-indicator-up-background-up-pressed@2x.png
2026-07-29 12:32:33 [INFO] [PipelineLogger] picture detected: spinbox-indicator-up-background-up-pressed@3x.png
2026-07-29 12:32:33 [INFO] [PipelineLogger] picture detected: spinbox-indicator-up-background.png
2026-07-29 12:32:33 [INFO] [PipelineLogger] picture detected: spinbox-indicator-up-background@2x.png
2026-07-29 12:32:33 [INFO] [PipelineLogger] picture detected: spinbox-indicator-up-background@3x.png
2026-07-29 12:32:33 [INFO] [PipelineLogger] picture detected: spinbox-indicator-up-icon-atlimit.png
2026-07-29 12:32:33 [INFO] [PipelineLogger] picture detected: spinbox-indicator-up-icon-atlimit@2x.png
2026-07-29 12:32:33 [INFO] [PipelineLogger] picture detected: spinbox-indicator-up-icon-atlimit@3x.png
2026-07-29 12:32:33 [INFO] [PipelineLogger] picture detected: spinbox-indicator-up-icon-disabled.png
2026-07-29 12:32:33 [INFO] [PipelineLogger] picture detected: spinbox-indicator-up-icon-disabled@2x.png
2026-07-29 12:32:33 [INFO] [PipelineLogger] picture detected: spinbox-indicator-up-icon-disabled@3x.png
2026-07-29 12:32:33 [INFO] [PipelineLogger] picture detected: spinbox-indicator-up-icon-down-hovered.png
2026-07-29 12:32:33 [INFO] [PipelineLogger] picture detected: spinbox-indicator-up-icon-down-hovered@2x.png
2026-07-29 12:32:33 [INFO] [PipelineLogger] picture detected: spinbox-indicator-up-icon-down-hovered@3x.png
2026-07-29 12:32:33 [INFO] [PipelineLogger] picture detected: spinbox-indicator-up-icon-down-pressed.png
2026-07-29 12:32:33 [INFO] [PipelineLogger] picture detected: spinbox-indicator-up-icon-down-pressed@2x.png
2026-07-29 12:32:33 [INFO] [PipelineLogger] picture detected: spinbox-indicator-up-icon-down-pressed@3x.png
2026-07-29 12:32:33 [INFO] [PipelineLogger] picture detected: spinbox-indicator-up-icon-hovered.png
2026-07-29 12:32:33 [INFO] [PipelineLogger] picture detected: spinbox-indicator-up-icon-hovered@2x.png
2026-07-29 12:32:33 [INFO] [PipelineLogger] picture detected: spinbox-indicator-up-icon-hovered@3x.png
2026-07-29 12:32:33 [INFO] [PipelineLogger] picture detected: spinbox-indicator-up-icon-up-hovered.png
2026-07-29 12:32:33 [INFO] [PipelineLogger] picture detected: spinbox-indicator-up-icon-up-hovered@2x.png
2026-07-29 12:32:33 [INFO] [PipelineLogger] picture detected: spinbox-indicator-up-icon-up-hovered@3x.png
2026-07-29 12:32:33 [INFO] [PipelineLogger] picture detected: spinbox-indicator-up-icon-up-pressed.png
2026-07-29 12:32:33 [INFO] [PipelineLogger] picture detected: spinbox-indicator-up-icon-up-pressed@2x.png
2026-07-29 12:32:33 [INFO] [PipelineLogger] picture detected: spinbox-indicator-up-icon-up-pressed@3x.png
2026-07-29 12:32:33 [INFO] [PipelineLogger] picture detected: spinbox-indicator-up-icon.png
2026-07-29 12:32:33 [INFO] [PipelineLogger] picture detected: spinbox-indicator-up-icon@2x.png
2026-07-29 12:32:33 [INFO] [PipelineLogger] picture detected: spinbox-indicator-up-icon@3x.png
2026-07-29 12:32:33 [INFO] [PipelineLogger] picture detected: textarea-background-disabled.png
2026-07-29 12:32:33 [INFO] [PipelineLogger] picture detected: textarea-background-disabled@2x.png
2026-07-29 12:32:33 [INFO] [PipelineLogger] picture detected: textarea-background-disabled@3x.png
2026-07-29 12:32:33 [INFO] [PipelineLogger] picture detected: textarea-background-focused.png
2026-07-29 12:32:33 [INFO] [PipelineLogger] picture detected: textarea-background-focused@2x.png
2026-07-29 12:32:33 [INFO] [PipelineLogger] picture detected: textarea-background-focused@3x.png
2026-07-29 12:32:33 [INFO] [PipelineLogger] picture detected: textarea-background-hovered.png
2026-07-29 12:32:33 [INFO] [PipelineLogger] picture detected: textarea-background-hovered@2x.png
2026-07-29 12:32:33 [INFO] [PipelineLogger] picture detected: textarea-background-hovered@3x.png
2026-07-29 12:32:33 [INFO] [PipelineLogger] picture detected: textarea-background.png
2026-07-29 12:32:33 [INFO] [PipelineLogger] picture detected: textarea-background@2x.png
2026-07-29 12:32:33 [INFO] [PipelineLogger] picture detected: textarea-background@3x.png
2026-07-29 12:32:33 [INFO] [PipelineLogger] picture detected: textfield-background-disabled.png
2026-07-29 12:32:33 [INFO] [PipelineLogger] picture detected: textfield-background-disabled@2x.png
2026-07-29 12:32:33 [INFO] [PipelineLogger] picture detected: textfield-background-disabled@3x.png
2026-07-29 12:32:33 [INFO] [PipelineLogger] picture detected: textfield-background-focused.png
2026-07-29 12:32:33 [INFO] [PipelineLogger] picture detected: textfield-background-focused@2x.png
2026-07-29 12:32:33 [INFO] [PipelineLogger] picture detected: textfield-background-focused@3x.png
2026-07-29 12:32:33 [INFO] [PipelineLogger] picture detected: textfield-background-hovered.png
2026-07-29 12:32:33 [INFO] [PipelineLogger] picture detected: textfield-background-hovered@2x.png
2026-07-29 12:32:33 [INFO] [PipelineLogger] picture detected: textfield-background-hovered@3x.png
2026-07-29 12:32:33 [INFO] [PipelineLogger] picture detected: textfield-background.png
2026-07-29 12:32:33 [INFO] [PipelineLogger] picture detected: textfield-background@2x.png
2026-07-29 12:32:33 [INFO] [PipelineLogger] picture detected: textfield-background@3x.png
2026-07-29 12:32:33 [INFO] [PipelineLogger] picture detected: checkbox-indicator-checked-disabled.png
2026-07-29 12:32:33 [INFO] [PipelineLogger] picture detected: checkbox-indicator-checked-disabled@2x.png
2026-07-29 12:32:33 [INFO] [PipelineLogger] picture detected: checkbox-indicator-checked-disabled@3x.png
2026-07-29 12:32:33 [INFO] [PipelineLogger] picture detected: checkbox-indicator-checked-hovered.png
2026-07-29 12:32:33 [INFO] [PipelineLogger] picture detected: checkbox-indicator-checked-hovered@2x.png
2026-07-29 12:32:33 [INFO] [PipelineLogger] picture detected: checkbox-indicator-checked-hovered@3x.png
2026-07-29 12:32:33 [INFO] [PipelineLogger] picture detected: checkbox-indicator-checked-pressed.png
2026-07-29 12:32:33 [INFO] [PipelineLogger] picture detected: checkbox-indicator-checked-pressed@2x.png
2026-07-29 12:32:33 [INFO] [PipelineLogger] picture detected: checkbox-indicator-checked-pressed@3x.png
2026-07-29 12:32:33 [INFO] [PipelineLogger] picture detected: checkbox-indicator-checked.png
2026-07-29 12:32:33 [INFO] [PipelineLogger] picture detected: checkbox-indicator-checked@2x.png
2026-07-29 12:32:33 [INFO] [PipelineLogger] picture detected: checkbox-indicator-checked@3x.png
2026-07-29 12:32:33 [INFO] [PipelineLogger] picture detected: checkbox-indicator-disabled-partiallyChecked.png
2026-07-29 12:32:33 [INFO] [PipelineLogger] picture detected: checkbox-indicator-disabled-partiallyChecked@2x.png
2026-07-29 12:32:33 [INFO] [PipelineLogger] picture detected: checkbox-indicator-disabled-partiallyChecked@3x.png
2026-07-29 12:32:33 [INFO] [PipelineLogger] picture detected: checkbox-indicator-disabled.png
2026-07-29 12:32:33 [INFO] [PipelineLogger] picture detected: checkbox-indicator-disabled@2x.png
2026-07-29 12:32:33 [INFO] [PipelineLogger] picture detected: checkbox-indicator-disabled@3x.png
2026-07-29 12:32:33 [INFO] [PipelineLogger] picture detected: checkbox-indicator-hovered-partiallyChecked.png
2026-07-29 12:32:33 [INFO] [PipelineLogger] picture detected: checkbox-indicator-hovered-partiallyChecked@2x.png
2026-07-29 12:32:33 [INFO] [PipelineLogger] picture detected: checkbox-indicator-hovered-partiallyChecked@3x.png
2026-07-29 12:32:33 [INFO] [PipelineLogger] picture detected: checkbox-indicator-hovered.png
2026-07-29 12:32:33 [INFO] [PipelineLogger] picture detected: checkbox-indicator-hovered@2x.png
2026-07-29 12:32:33 [INFO] [PipelineLogger] picture detected: checkbox-indicator-hovered@3x.png
2026-07-29 12:32:33 [INFO] [PipelineLogger] picture detected: checkbox-indicator-partiallyChecked-pressed.png
2026-07-29 12:32:33 [INFO] [PipelineLogger] picture detected: checkbox-indicator-partiallyChecked-pressed@2x.png
2026-07-29 12:32:33 [INFO] [PipelineLogger] picture detected: checkbox-indicator-partiallyChecked-pressed@3x.png
2026-07-29 12:32:33 [INFO] [PipelineLogger] picture detected: checkbox-indicator-partiallyChecked.png
2026-07-29 12:32:33 [INFO] [PipelineLogger] picture detected: checkbox-indicator-partiallyChecked@2x.png
2026-07-29 12:32:33 [INFO] [PipelineLogger] picture detected: checkbox-indicator-partiallyChecked@3x.png
2026-07-29 12:32:33 [INFO] [PipelineLogger] picture detected: checkbox-indicator-pressed.png
2026-07-29 12:32:33 [INFO] [PipelineLogger] picture detected: checkbox-indicator-pressed@2x.png
2026-07-29 12:32:33 [INFO] [PipelineLogger] picture detected: checkbox-indicator-pressed@3x.png
2026-07-29 12:32:33 [INFO] [PipelineLogger] picture detected: checkbox-indicator.png
2026-07-29 12:32:33 [INFO] [PipelineLogger] picture detected: checkbox-indicator@2x.png
2026-07-29 12:32:33 [INFO] [PipelineLogger] picture detected: checkbox-indicator@3x.png
2026-07-29 12:32:33 [INFO] [PipelineLogger] picture detected: combobox-background-disabled.png
2026-07-29 12:32:33 [INFO] [PipelineLogger] picture detected: combobox-background-disabled@2x.png
2026-07-29 12:32:33 [INFO] [PipelineLogger] picture detected: combobox-background-disabled@3x.png
2026-07-29 12:32:33 [INFO] [PipelineLogger] picture detected: combobox-background-focused.png
2026-07-29 12:32:33 [INFO] [PipelineLogger] picture detected: combobox-background-focused@2x.png
2026-07-29 12:32:33 [INFO] [PipelineLogger] picture detected: combobox-background-focused@3x.png
2026-07-29 12:32:33 [INFO] [PipelineLogger] picture detected: combobox-background-hovered-open.png
2026-07-29 12:32:33 [INFO] [PipelineLogger] picture detected: combobox-background-hovered-open@2x.png
2026-07-29 12:32:33 [INFO] [PipelineLogger] picture detected: combobox-background-hovered-open@3x.png
2026-07-29 12:32:33 [INFO] [PipelineLogger] picture detected: combobox-background-hovered.png
2026-07-29 12:32:33 [INFO] [PipelineLogger] picture detected: combobox-background-hovered@2x.png
2026-07-29 12:32:33 [INFO] [PipelineLogger] picture detected: combobox-background-hovered@3x.png
2026-07-29 12:32:33 [INFO] [PipelineLogger] picture detected: combobox-background-open-pressed.png
2026-07-29 12:32:33 [INFO] [PipelineLogger] picture detected: combobox-background-open-pressed@2x.png
2026-07-29 12:32:33 [INFO] [PipelineLogger] picture detected: combobox-background-open-pressed@3x.png
2026-07-29 12:32:33 [INFO] [PipelineLogger] picture detected: combobox-background-open.png
2026-07-29 12:32:33 [INFO] [PipelineLogger] picture detected: combobox-background-open@2x.png
2026-07-29 12:32:33 [INFO] [PipelineLogger] picture detected: combobox-background-open@3x.png
2026-07-29 12:32:33 [INFO] [PipelineLogger] picture detected: combobox-background-pressed.png
2026-07-29 12:32:33 [INFO] [PipelineLogger] picture detected: combobox-background-pressed@2x.png
2026-07-29 12:32:33 [INFO] [PipelineLogger] picture detected: combobox-background-pressed@3x.png
2026-07-29 12:32:33 [INFO] [PipelineLogger] picture detected: combobox-background.png
2026-07-29 12:32:33 [INFO] [PipelineLogger] picture detected: combobox-background@2x.png
2026-07-29 12:32:33 [INFO] [PipelineLogger] picture detected: combobox-background@3x.png
2026-07-29 12:32:33 [INFO] [PipelineLogger] picture detected: combobox-indicator-disabled.png
2026-07-29 12:32:33 [INFO] [PipelineLogger] picture detected: combobox-indicator-disabled@2x.png
2026-07-29 12:32:33 [INFO] [PipelineLogger] picture detected: combobox-indicator-disabled@3x.png
2026-07-29 12:32:33 [INFO] [PipelineLogger] picture detected: combobox-indicator-focused.png
2026-07-29 12:32:33 [INFO] [PipelineLogger] picture detected: combobox-indicator-focused@2x.png
2026-07-29 12:32:33 [INFO] [PipelineLogger] picture detected: combobox-indicator-focused@3x.png
2026-07-29 12:32:33 [INFO] [PipelineLogger] picture detected: combobox-indicator-hovered-open.png
2026-07-29 12:32:33 [INFO] [PipelineLogger] picture detected: combobox-indicator-hovered-open@2x.png
2026-07-29 12:32:33 [INFO] [PipelineLogger] picture detected: combobox-indicator-hovered-open@3x.png
2026-07-29 12:32:33 [INFO] [PipelineLogger] picture detected: combobox-indicator-hovered.png
2026-07-29 12:32:33 [INFO] [PipelineLogger] picture detected: combobox-indicator-hovered@2x.png
2026-07-29 12:32:33 [INFO] [PipelineLogger] picture detected: combobox-indicator-hovered@3x.png
2026-07-29 12:32:33 [INFO] [PipelineLogger] picture detected: combobox-indicator-open-pressed.png
2026-07-29 12:32:33 [INFO] [PipelineLogger] picture detected: combobox-indicator-open-pressed@2x.png
2026-07-29 12:32:33 [INFO] [PipelineLogger] picture detected: combobox-indicator-open-pressed@3x.png
2026-07-29 12:32:33 [INFO] [PipelineLogger] picture detected: combobox-indicator-open.png
2026-07-29 12:32:33 [INFO] [PipelineLogger] picture detected: combobox-indicator-open@2x.png
2026-07-29 12:32:33 [INFO] [PipelineLogger] picture detected: combobox-indicator-open@3x.png
2026-07-29 12:32:33 [INFO] [PipelineLogger] picture detected: combobox-indicator-pressed.png
2026-07-29 12:32:33 [INFO] [PipelineLogger] picture detected: combobox-indicator-pressed@2x.png
2026-07-29 12:32:33 [INFO] [PipelineLogger] picture detected: combobox-indicator-pressed@3x.png
2026-07-29 12:32:33 [INFO] [PipelineLogger] picture detected: combobox-indicator.png
2026-07-29 12:32:33 [INFO] [PipelineLogger] picture detected: combobox-indicator@2x.png
2026-07-29 12:32:33 [INFO] [PipelineLogger] picture detected: combobox-indicator@3x.png
2026-07-29 12:32:33 [INFO] [PipelineLogger] picture detected: editablecombobox-background-hovered-open.png
2026-07-29 12:32:33 [INFO] [PipelineLogger] picture detected: editablecombobox-background-hovered-open@2x.png
2026-07-29 12:32:33 [INFO] [PipelineLogger] picture detected: editablecombobox-background-hovered-open@3x.png
2026-07-29 12:32:33 [INFO] [PipelineLogger] picture detected: editablecombobox-background-open-pressed.png
2026-07-29 12:32:33 [INFO] [PipelineLogger] picture detected: editablecombobox-background-open-pressed@2x.png
2026-07-29 12:32:33 [INFO] [PipelineLogger] picture detected: editablecombobox-background-open-pressed@3x.png
2026-07-29 12:32:33 [INFO] [PipelineLogger] picture detected: editablecombobox-background-open.png
2026-07-29 12:32:33 [INFO] [PipelineLogger] picture detected: editablecombobox-background-open@2x.png
2026-07-29 12:32:33 [INFO] [PipelineLogger] picture detected: editablecombobox-background-open@3x.png
2026-07-29 12:32:33 [INFO] [PipelineLogger] picture detected: editablecombobox-indicator-hovered-open.png
2026-07-29 12:32:33 [INFO] [PipelineLogger] picture detected: editablecombobox-indicator-hovered-open@2x.png
2026-07-29 12:32:33 [INFO] [PipelineLogger] picture detected: editablecombobox-indicator-hovered-open@3x.png
2026-07-29 12:32:33 [INFO] [PipelineLogger] picture detected: editablecombobox-indicator-open-pressed.png
2026-07-29 12:32:33 [INFO] [PipelineLogger] picture detected: editablecombobox-indicator-open-pressed@2x.png
2026-07-29 12:32:33 [INFO] [PipelineLogger] picture detected: editablecombobox-indicator-open-pressed@3x.png
2026-07-29 12:32:33 [INFO] [PipelineLogger] picture detected: editablecombobox-indicator-open.png
2026-07-29 12:32:33 [INFO] [PipelineLogger] picture detected: editablecombobox-indicator-open@2x.png
2026-07-29 12:32:33 [INFO] [PipelineLogger] picture detected: editablecombobox-indicator-open@3x.png
2026-07-29 12:32:33 [INFO] [PipelineLogger] picture detected: editablecombobox-popup-background-hovered-open.png
2026-07-29 12:32:33 [INFO] [PipelineLogger] picture detected: editablecombobox-popup-background-hovered-open@2x.png
2026-07-29 12:32:33 [INFO] [PipelineLogger] picture detected: editablecombobox-popup-background-hovered-open@3x.png
2026-07-29 12:32:33 [INFO] [PipelineLogger] picture detected: editablecombobox-popup-background-open-pressed.png
2026-07-29 12:32:33 [INFO] [PipelineLogger] picture detected: editablecombobox-popup-background-open-pressed@2x.png
2026-07-29 12:32:33 [INFO] [PipelineLogger] picture detected: editablecombobox-popup-background-open-pressed@3x.png
2026-07-29 12:32:33 [INFO] [PipelineLogger] picture detected: editablecombobox-popup-background-open.png
2026-07-29 12:32:33 [INFO] [PipelineLogger] picture detected: editablecombobox-popup-background-open@2x.png
2026-07-29 12:32:33 [INFO] [PipelineLogger] picture detected: editablecombobox-popup-background-open@3x.png
2026-07-29 12:32:33 [INFO] [PipelineLogger] picture detected: frame-background-disabled.png
2026-07-29 12:32:33 [INFO] [PipelineLogger] picture detected: frame-background-disabled@2x.png
2026-07-29 12:32:33 [INFO] [PipelineLogger] picture detected: frame-background-disabled@3x.png
2026-07-29 12:32:33 [INFO] [PipelineLogger] picture detected: frame-background.png
2026-07-29 12:32:33 [INFO] [PipelineLogger] picture detected: frame-background@2x.png
2026-07-29 12:32:33 [INFO] [PipelineLogger] picture detected: frame-background@3x.png
2026-07-29 12:32:33 [INFO] [PipelineLogger] picture detected: itemdelegate-background-highlighted-hovered.png
2026-07-29 12:32:33 [INFO] [PipelineLogger] picture detected: itemdelegate-background-highlighted-hovered@2x.png
2026-07-29 12:32:33 [INFO] [PipelineLogger] picture detected: itemdelegate-background-highlighted-hovered@3x.png
2026-07-29 12:32:33 [INFO] [PipelineLogger] picture detected: itemdelegate-background-highlighted-pressed.png
2026-07-29 12:32:33 [INFO] [PipelineLogger] picture detected: itemdelegate-background-highlighted-pressed@2x.png
2026-07-29 12:32:33 [INFO] [PipelineLogger] picture detected: itemdelegate-background-highlighted-pressed@3x.png
2026-07-29 12:32:33 [INFO] [PipelineLogger] picture detected: itemdelegate-background-highlighted.png
2026-07-29 12:32:33 [INFO] [PipelineLogger] picture detected: itemdelegate-background-highlighted@2x.png
2026-07-29 12:32:33 [INFO] [PipelineLogger] picture detected: itemdelegate-background-highlighted@3x.png
2026-07-29 12:32:33 [INFO] [PipelineLogger] picture detected: itemdelegate-background-hovered.png
2026-07-29 12:32:33 [INFO] [PipelineLogger] picture detected: itemdelegate-background-hovered@2x.png
2026-07-29 12:32:33 [INFO] [PipelineLogger] picture detected: itemdelegate-background-hovered@3x.png
2026-07-29 12:32:33 [INFO] [PipelineLogger] picture detected: itemdelegate-background-pressed.png
2026-07-29 12:32:33 [INFO] [PipelineLogger] picture detected: itemdelegate-background-pressed@2x.png
2026-07-29 12:32:33 [INFO] [PipelineLogger] picture detected: itemdelegate-background-pressed@3x.png
2026-07-29 12:32:33 [INFO] [PipelineLogger] picture detected: pageindicatordelegate-indicator-delegate-current-hovered.png
2026-07-29 12:32:33 [INFO] [PipelineLogger] picture detected: pageindicatordelegate-indicator-delegate-current-hovered@2x.png
2026-07-29 12:32:33 [INFO] [PipelineLogger] picture detected: pageindicatordelegate-indicator-delegate-current-hovered@3x.png
2026-07-29 12:32:33 [INFO] [PipelineLogger] picture detected: pageindicatordelegate-indicator-delegate-current-pressed.png
2026-07-29 12:32:33 [INFO] [PipelineLogger] picture detected: pageindicatordelegate-indicator-delegate-current-pressed@2x.png
2026-07-29 12:32:33 [INFO] [PipelineLogger] picture detected: pageindicatordelegate-indicator-delegate-current-pressed@3x.png
2026-07-29 12:32:33 [INFO] [PipelineLogger] picture detected: pageindicatordelegate-indicator-delegate-current.png
2026-07-29 12:32:33 [INFO] [PipelineLogger] picture detected: pageindicatordelegate-indicator-delegate-current@2x.png
2026-07-29 12:32:33 [INFO] [PipelineLogger] picture detected: pageindicatordelegate-indicator-delegate-current@3x.png
2026-07-29 12:32:33 [INFO] [PipelineLogger] picture detected: pageindicatordelegate-indicator-delegate-pressed.png
2026-07-29 12:32:33 [INFO] [PipelineLogger] picture detected: pageindicatordelegate-indicator-delegate-pressed@2x.png
2026-07-29 12:32:33 [INFO] [PipelineLogger] picture detected: pageindicatordelegate-indicator-delegate-pressed@3x.png
2026-07-29 12:32:33 [INFO] [PipelineLogger] picture detected: pageindicatordelegate-indicator-disabled.png
2026-07-29 12:32:33 [INFO] [PipelineLogger] picture detected: pageindicatordelegate-indicator-disabled@2x.png
2026-07-29 12:32:33 [INFO] [PipelineLogger] picture detected: pageindicatordelegate-indicator-disabled@3x.png
2026-07-29 12:32:33 [INFO] [PipelineLogger] picture detected: pageindicatordelegate-indicator-hovered.png
2026-07-29 12:32:33 [INFO] [PipelineLogger] picture detected: pageindicatordelegate-indicator-hovered@2x.png
2026-07-29 12:32:33 [INFO] [PipelineLogger] picture detected: pageindicatordelegate-indicator-hovered@3x.png
2026-07-29 12:32:33 [INFO] [PipelineLogger] picture detected: pageindicatordelegate-indicator.png
2026-07-29 12:32:33 [INFO] [PipelineLogger] picture detected: pageindicatordelegate-indicator@2x.png
2026-07-29 12:32:33 [INFO] [PipelineLogger] picture detected: pageindicatordelegate-indicator@3x.png
2026-07-29 12:32:33 [INFO] [PipelineLogger] picture detected: popup-background.png
2026-07-29 12:32:33 [INFO] [PipelineLogger] picture detected: popup-background@2x.png
2026-07-29 12:32:33 [INFO] [PipelineLogger] picture detected: popup-background@3x.png
2026-07-29 12:32:33 [INFO] [PipelineLogger] picture detected: progressbar-groove-disabled.png
2026-07-29 12:32:33 [INFO] [PipelineLogger] picture detected: progressbar-groove-disabled@2x.png
2026-07-29 12:32:33 [INFO] [PipelineLogger] picture detected: progressbar-groove-disabled@3x.png
2026-07-29 12:32:33 [INFO] [PipelineLogger] picture detected: progressbar-groove.png
2026-07-29 12:32:33 [INFO] [PipelineLogger] picture detected: progressbar-groove@2x.png
2026-07-29 12:32:33 [INFO] [PipelineLogger] picture detected: progressbar-groove@3x.png
2026-07-29 12:32:33 [INFO] [PipelineLogger] picture detected: radiobutton-indicator-checked-disabled.png
2026-07-29 12:32:33 [INFO] [PipelineLogger] picture detected: radiobutton-indicator-checked-disabled@2x.png
2026-07-29 12:32:33 [INFO] [PipelineLogger] picture detected: radiobutton-indicator-checked-disabled@3x.png
2026-07-29 12:32:33 [INFO] [PipelineLogger] picture detected: radiobutton-indicator-checked-hovered.png
2026-07-29 12:32:33 [INFO] [PipelineLogger] picture detected: radiobutton-indicator-checked-hovered@2x.png
2026-07-29 12:32:33 [INFO] [PipelineLogger] picture detected: radiobutton-indicator-checked-hovered@3x.png
2026-07-29 12:32:33 [INFO] [PipelineLogger] picture detected: radiobutton-indicator-checked-pressed.png
2026-07-29 12:32:33 [INFO] [PipelineLogger] picture detected: radiobutton-indicator-checked-pressed@2x.png
2026-07-29 12:32:33 [INFO] [PipelineLogger] picture detected: radiobutton-indicator-checked-pressed@3x.png
2026-07-29 12:32:33 [INFO] [PipelineLogger] picture detected: radiobutton-indicator-checked.png
2026-07-29 12:32:33 [INFO] [PipelineLogger] picture detected: radiobutton-indicator-checked@2x.png
2026-07-29 12:32:33 [INFO] [PipelineLogger] picture detected: radiobutton-indicator-checked@3x.png
2026-07-29 12:32:33 [INFO] [PipelineLogger] picture detected: radiobutton-indicator-disabled.png
2026-07-29 12:32:33 [INFO] [PipelineLogger] picture detected: radiobutton-indicator-disabled@2x.png
2026-07-29 12:32:33 [INFO] [PipelineLogger] picture detected: radiobutton-indicator-disabled@3x.png
2026-07-29 12:32:33 [INFO] [PipelineLogger] picture detected: radiobutton-indicator-hovered.png
2026-07-29 12:32:33 [INFO] [PipelineLogger] picture detected: radiobutton-indicator-hovered@2x.png
2026-07-29 12:32:33 [INFO] [PipelineLogger] picture detected: radiobutton-indicator-hovered@3x.png
2026-07-29 12:32:33 [INFO] [PipelineLogger] picture detected: radiobutton-indicator-pressed.png
2026-07-29 12:32:33 [INFO] [PipelineLogger] picture detected: radiobutton-indicator-pressed@2x.png
2026-07-29 12:32:33 [INFO] [PipelineLogger] picture detected: radiobutton-indicator-pressed@3x.png
2026-07-29 12:32:33 [INFO] [PipelineLogger] picture detected: radiobutton-indicator.png
2026-07-29 12:32:33 [INFO] [PipelineLogger] picture detected: radiobutton-indicator@2x.png
2026-07-29 12:32:33 [INFO] [PipelineLogger] picture detected: radiobutton-indicator@3x.png
2026-07-29 12:32:33 [INFO] [PipelineLogger] picture detected: rangeslider-first-handle-disabled.png
2026-07-29 12:32:33 [INFO] [PipelineLogger] picture detected: rangeslider-first-handle-disabled@2x.png
2026-07-29 12:32:33 [INFO] [PipelineLogger] picture detected: rangeslider-first-handle-disabled@3x.png
2026-07-29 12:32:33 [INFO] [PipelineLogger] picture detected: rangeslider-first-handle-handle-pressed.png
2026-07-29 12:32:33 [INFO] [PipelineLogger] picture detected: rangeslider-first-handle-handle-pressed@2x.png
2026-07-29 12:32:33 [INFO] [PipelineLogger] picture detected: rangeslider-first-handle-handle-pressed@3x.png
2026-07-29 12:32:33 [INFO] [PipelineLogger] picture detected: rangeslider-first-handle-hovered.png
2026-07-29 12:32:33 [INFO] [PipelineLogger] picture detected: rangeslider-first-handle-hovered@2x.png
2026-07-29 12:32:33 [INFO] [PipelineLogger] picture detected: rangeslider-first-handle-hovered@3x.png
2026-07-29 12:32:33 [INFO] [PipelineLogger] picture detected: rangeslider-first-handle.png
2026-07-29 12:32:33 [INFO] [PipelineLogger] picture detected: rangeslider-first-handle@2x.png
2026-07-29 12:32:33 [INFO] [PipelineLogger] picture detected: rangeslider-first-handle@3x.png
2026-07-29 12:32:33 [INFO] [PipelineLogger] picture detected: rangeslider-groove-disabled.png
2026-07-29 12:32:33 [INFO] [PipelineLogger] picture detected: rangeslider-groove-disabled@2x.png
2026-07-29 12:32:33 [INFO] [PipelineLogger] picture detected: rangeslider-groove-disabled@3x.png
2026-07-29 12:32:33 [INFO] [PipelineLogger] picture detected: rangeslider-groove-handle-pressed.png
2026-07-29 12:32:33 [INFO] [PipelineLogger] picture detected: rangeslider-groove-handle-pressed@2x.png
2026-07-29 12:32:33 [INFO] [PipelineLogger] picture detected: rangeslider-groove-handle-pressed@3x.png
2026-07-29 12:32:33 [INFO] [PipelineLogger] picture detected: rangeslider-groove-hovered.png
2026-07-29 12:32:33 [INFO] [PipelineLogger] picture detected: rangeslider-groove-hovered@2x.png
2026-07-29 12:32:33 [INFO] [PipelineLogger] picture detected: rangeslider-groove-hovered@3x.png
2026-07-29 12:32:33 [INFO] [PipelineLogger] picture detected: rangeslider-groove.png
2026-07-29 12:32:33 [INFO] [PipelineLogger] picture detected: rangeslider-groove@2x.png
2026-07-29 12:32:33 [INFO] [PipelineLogger] picture detected: rangeslider-groove@3x.png
2026-07-29 12:32:33 [INFO] [PipelineLogger] picture detected: rangeslider-second-handle-disabled.png
2026-07-29 12:32:33 [INFO] [PipelineLogger] picture detected: rangeslider-second-handle-disabled@2x.png
2026-07-29 12:32:33 [INFO] [PipelineLogger] picture detected: rangeslider-second-handle-disabled@3x.png
2026-07-29 12:32:33 [INFO] [PipelineLogger] picture detected: rangeslider-second-handle-handle-pressed.png
2026-07-29 12:32:33 [INFO] [PipelineLogger] picture detected: rangeslider-second-handle-handle-pressed@2x.png
2026-07-29 12:32:33 [INFO] [PipelineLogger] picture detected: rangeslider-second-handle-handle-pressed@3x.png
2026-07-29 12:32:33 [INFO] [PipelineLogger] picture detected: rangeslider-second-handle-hovered.png
2026-07-29 12:32:33 [INFO] [PipelineLogger] picture detected: rangeslider-second-handle-hovered@2x.png
2026-07-29 12:32:33 [INFO] [PipelineLogger] picture detected: rangeslider-second-handle-hovered@3x.png
2026-07-29 12:32:33 [INFO] [PipelineLogger] picture detected: rangeslider-second-handle.png
2026-07-29 12:32:33 [INFO] [PipelineLogger] picture detected: rangeslider-second-handle@2x.png
2026-07-29 12:32:33 [INFO] [PipelineLogger] picture detected: rangeslider-second-handle@3x.png
2026-07-29 12:32:33 [INFO] [PipelineLogger] picture detected: slider-groove-disabled.png
2026-07-29 12:32:33 [INFO] [PipelineLogger] picture detected: slider-groove-disabled@2x.png
2026-07-29 12:32:33 [INFO] [PipelineLogger] picture detected: slider-groove-disabled@3x.png
2026-07-29 12:32:33 [INFO] [PipelineLogger] picture detected: slider-groove-hovered.png
2026-07-29 12:32:33 [INFO] [PipelineLogger] picture detected: slider-groove-hovered@2x.png
2026-07-29 12:32:33 [INFO] [PipelineLogger] picture detected: slider-groove-hovered@3x.png
2026-07-29 12:32:33 [INFO] [PipelineLogger] picture detected: slider-groove-pressed.png
2026-07-29 12:32:33 [INFO] [PipelineLogger] picture detected: slider-groove-pressed@2x.png
2026-07-29 12:32:33 [INFO] [PipelineLogger] picture detected: slider-groove-pressed@3x.png
2026-07-29 12:32:33 [INFO] [PipelineLogger] picture detected: slider-groove.png
2026-07-29 12:32:33 [INFO] [PipelineLogger] picture detected: slider-groove@2x.png
2026-07-29 12:32:33 [INFO] [PipelineLogger] picture detected: slider-groove@3x.png
2026-07-29 12:32:33 [INFO] [PipelineLogger] picture detected: slider-handle-disabled.png
2026-07-29 12:32:33 [INFO] [PipelineLogger] picture detected: slider-handle-disabled@2x.png
2026-07-29 12:32:33 [INFO] [PipelineLogger] picture detected: slider-handle-disabled@3x.png
2026-07-29 12:32:33 [INFO] [PipelineLogger] picture detected: slider-handle-hovered.png
2026-07-29 12:32:33 [INFO] [PipelineLogger] picture detected: slider-handle-hovered@2x.png
2026-07-29 12:32:33 [INFO] [PipelineLogger] picture detected: slider-handle-hovered@3x.png
2026-07-29 12:32:33 [INFO] [PipelineLogger] picture detected: slider-handle-pressed.png
2026-07-29 12:32:33 [INFO] [PipelineLogger] picture detected: slider-handle-pressed@2x.png
2026-07-29 12:32:33 [INFO] [PipelineLogger] picture detected: slider-handle-pressed@3x.png
2026-07-29 12:32:33 [INFO] [PipelineLogger] picture detected: slider-handle.png
2026-07-29 12:32:33 [INFO] [PipelineLogger] picture detected: slider-handle@2x.png
2026-07-29 12:32:33 [INFO] [PipelineLogger] picture detected: slider-handle@3x.png
2026-07-29 12:32:33 [INFO] [PipelineLogger] picture detected: spinbox-background-atlimit.png
2026-07-29 12:32:33 [INFO] [PipelineLogger] picture detected: spinbox-background-atlimit@2x.png
2026-07-29 12:32:33 [INFO] [PipelineLogger] picture detected: spinbox-background-atlimit@3x.png
2026-07-29 12:32:33 [INFO] [PipelineLogger] picture detected: spinbox-background-disabled.png
2026-07-29 12:32:33 [INFO] [PipelineLogger] picture detected: spinbox-background-disabled@2x.png
2026-07-29 12:32:33 [INFO] [PipelineLogger] picture detected: spinbox-background-disabled@3x.png
2026-07-29 12:32:33 [INFO] [PipelineLogger] picture detected: spinbox-background-down-hovered.png
2026-07-29 12:32:33 [INFO] [PipelineLogger] picture detected: spinbox-background-down-hovered@2x.png
2026-07-29 12:32:33 [INFO] [PipelineLogger] picture detected: spinbox-background-down-hovered@3x.png
2026-07-29 12:32:33 [INFO] [PipelineLogger] picture detected: spinbox-background-down-pressed.png
2026-07-29 12:32:33 [INFO] [PipelineLogger] picture detected: spinbox-background-down-pressed@2x.png
2026-07-29 12:32:33 [INFO] [PipelineLogger] picture detected: spinbox-background-down-pressed@3x.png
2026-07-29 12:32:33 [INFO] [PipelineLogger] picture detected: spinbox-background-hovered.png
2026-07-29 12:32:33 [INFO] [PipelineLogger] picture detected: spinbox-background-hovered@2x.png
2026-07-29 12:32:33 [INFO] [PipelineLogger] picture detected: spinbox-background-hovered@3x.png
2026-07-29 12:32:33 [INFO] [PipelineLogger] picture detected: spinbox-background-up-hovered.png
2026-07-29 12:32:33 [INFO] [PipelineLogger] picture detected: spinbox-background-up-hovered@2x.png
2026-07-29 12:32:33 [INFO] [PipelineLogger] picture detected: spinbox-background-up-hovered@3x.png
2026-07-29 12:32:33 [INFO] [PipelineLogger] picture detected: spinbox-background-up-pressed.png
2026-07-29 12:32:33 [INFO] [PipelineLogger] picture detected: spinbox-background-up-pressed@2x.png
2026-07-29 12:32:33 [INFO] [PipelineLogger] picture detected: spinbox-background-up-pressed@3x.png
2026-07-29 12:32:33 [INFO] [PipelineLogger] picture detected: spinbox-background.png
2026-07-29 12:32:33 [INFO] [PipelineLogger] picture detected: spinbox-background@2x.png
2026-07-29 12:32:33 [INFO] [PipelineLogger] picture detected: spinbox-background@3x.png
2026-07-29 12:32:33 [INFO] [PipelineLogger] picture detected: spinbox-indicator-down-background-atlimit.png
2026-07-29 12:32:33 [INFO] [PipelineLogger] picture detected: spinbox-indicator-down-background-atlimit@2x.png
2026-07-29 12:32:33 [INFO] [PipelineLogger] picture detected: spinbox-indicator-down-background-atlimit@3x.png
2026-07-29 12:32:33 [INFO] [PipelineLogger] picture detected: spinbox-indicator-down-background-disabled.png
2026-07-29 12:32:33 [INFO] [PipelineLogger] picture detected: spinbox-indicator-down-background-disabled@2x.png
2026-07-29 12:32:33 [INFO] [PipelineLogger] picture detected: spinbox-indicator-down-background-disabled@3x.png
2026-07-29 12:32:33 [INFO] [PipelineLogger] picture detected: spinbox-indicator-down-background-down-hovered.png
2026-07-29 12:32:33 [INFO] [PipelineLogger] picture detected: spinbox-indicator-down-background-down-hovered@2x.png
2026-07-29 12:32:33 [INFO] [PipelineLogger] picture detected: spinbox-indicator-down-background-down-hovered@3x.png
2026-07-29 12:32:33 [INFO] [PipelineLogger] picture detected: spinbox-indicator-down-background-down-pressed.png
2026-07-29 12:32:33 [INFO] [PipelineLogger] picture detected: spinbox-indicator-down-background-down-pressed@2x.png
2026-07-29 12:32:33 [INFO] [PipelineLogger] picture detected: spinbox-indicator-down-background-down-pressed@3x.png
2026-07-29 12:32:33 [INFO] [PipelineLogger] picture detected: spinbox-indicator-down-background-hovered.png
2026-07-29 12:32:33 [INFO] [PipelineLogger] picture detected: spinbox-indicator-down-background-hovered@2x.png
2026-07-29 12:32:33 [INFO] [PipelineLogger] picture detected: spinbox-indicator-down-background-hovered@3x.png
2026-07-29 12:32:33 [INFO] [PipelineLogger] picture detected: spinbox-indicator-down-background-up-hovered.png
2026-07-29 12:32:33 [INFO] [PipelineLogger] picture detected: spinbox-indicator-down-background-up-hovered@2x.png
2026-07-29 12:32:33 [INFO] [PipelineLogger] picture detected: spinbox-indicator-down-background-up-hovered@3x.png
2026-07-29 12:32:33 [INFO] [PipelineLogger] picture detected: spinbox-indicator-down-background-up-pressed.png
2026-07-29 12:32:33 [INFO] [PipelineLogger] picture detected: spinbox-indicator-down-background-up-pressed@2x.png
2026-07-29 12:32:33 [INFO] [PipelineLogger] picture detected: spinbox-indicator-down-background-up-pressed@3x.png
2026-07-29 12:32:33 [INFO] [PipelineLogger] picture detected: spinbox-indicator-down-background.png
2026-07-29 12:32:33 [INFO] [PipelineLogger] picture detected: spinbox-indicator-down-background@2x.png
2026-07-29 12:32:33 [INFO] [PipelineLogger] picture detected: spinbox-indicator-down-background@3x.png
2026-07-29 12:32:33 [INFO] [PipelineLogger] picture detected: spinbox-indicator-down-icon-atlimit.png
2026-07-29 12:32:33 [INFO] [PipelineLogger] picture detected: spinbox-indicator-down-icon-atlimit@2x.png
2026-07-29 12:32:33 [INFO] [PipelineLogger] picture detected: spinbox-indicator-down-icon-atlimit@3x.png
2026-07-29 12:32:33 [INFO] [PipelineLogger] picture detected: spinbox-indicator-down-icon-disabled.png
2026-07-29 12:32:33 [INFO] [PipelineLogger] picture detected: spinbox-indicator-down-icon-disabled@2x.png
2026-07-29 12:32:33 [INFO] [PipelineLogger] picture detected: spinbox-indicator-down-icon-disabled@3x.png
2026-07-29 12:32:33 [INFO] [PipelineLogger] picture detected: spinbox-indicator-down-icon-down-hovered.png
2026-07-29 12:32:33 [INFO] [PipelineLogger] picture detected: spinbox-indicator-down-icon-down-hovered@2x.png
2026-07-29 12:32:33 [INFO] [PipelineLogger] picture detected: spinbox-indicator-down-icon-down-hovered@3x.png
2026-07-29 12:32:33 [INFO] [PipelineLogger] picture detected: spinbox-indicator-down-icon-down-pressed.png
2026-07-29 12:32:33 [INFO] [PipelineLogger] picture detected: spinbox-indicator-down-icon-down-pressed@2x.png
2026-07-29 12:32:33 [INFO] [PipelineLogger] picture detected: spinbox-indicator-down-icon-down-pressed@3x.png
2026-07-29 12:32:33 [INFO] [PipelineLogger] picture detected: spinbox-indicator-down-icon-hovered.png
2026-07-29 12:32:33 [INFO] [PipelineLogger] picture detected: spinbox-indicator-down-icon-hovered@2x.png
2026-07-29 12:32:33 [INFO] [PipelineLogger] picture detected: spinbox-indicator-down-icon-hovered@3x.png
2026-07-29 12:32:33 [INFO] [PipelineLogger] picture detected: spinbox-indicator-down-icon-up-hovered.png
2026-07-29 12:32:33 [INFO] [PipelineLogger] picture detected: spinbox-indicator-down-icon-up-hovered@2x.png
2026-07-29 12:32:33 [INFO] [PipelineLogger] picture detected: spinbox-indicator-down-icon-up-hovered@3x.png
2026-07-29 12:32:33 [INFO] [PipelineLogger] picture detected: spinbox-indicator-down-icon-up-pressed.png
2026-07-29 12:32:33 [INFO] [PipelineLogger] picture detected: spinbox-indicator-down-icon-up-pressed@2x.png
2026-07-29 12:32:33 [INFO] [PipelineLogger] picture detected: spinbox-indicator-down-icon-up-pressed@3x.png
2026-07-29 12:32:33 [INFO] [PipelineLogger] picture detected: spinbox-indicator-down-icon.png
2026-07-29 12:32:33 [INFO] [PipelineLogger] picture detected: spinbox-indicator-down-icon@2x.png
2026-07-29 12:32:33 [INFO] [PipelineLogger] picture detected: spinbox-indicator-down-icon@3x.png
2026-07-29 12:32:33 [INFO] [PipelineLogger] picture detected: spinbox-indicator-up-background-atlimit.png
2026-07-29 12:32:33 [INFO] [PipelineLogger] picture detected: spinbox-indicator-up-background-atlimit@2x.png
2026-07-29 12:32:33 [INFO] [PipelineLogger] picture detected: spinbox-indicator-up-background-atlimit@3x.png
2026-07-29 12:32:33 [INFO] [PipelineLogger] picture detected: spinbox-indicator-up-background-disabled.png
2026-07-29 12:32:33 [INFO] [PipelineLogger] picture detected: spinbox-indicator-up-background-disabled@2x.png
2026-07-29 12:32:33 [INFO] [PipelineLogger] picture detected: spinbox-indicator-up-background-disabled@3x.png
2026-07-29 12:32:33 [INFO] [PipelineLogger] picture detected: spinbox-indicator-up-background-down-hovered.png
2026-07-29 12:32:33 [INFO] [PipelineLogger] picture detected: spinbox-indicator-up-background-down-hovered@2x.png
2026-07-29 12:32:33 [INFO] [PipelineLogger] picture detected: spinbox-indicator-up-background-down-hovered@3x.png
2026-07-29 12:32:33 [INFO] [PipelineLogger] picture detected: spinbox-indicator-up-background-down-pressed.png
2026-07-29 12:32:33 [INFO] [PipelineLogger] picture detected: spinbox-indicator-up-background-down-pressed@2x.png
2026-07-29 12:32:33 [INFO] [PipelineLogger] picture detected: spinbox-indicator-up-background-down-pressed@3x.png
2026-07-29 12:32:33 [INFO] [PipelineLogger] picture detected: spinbox-indicator-up-background-hovered.png
2026-07-29 12:32:33 [INFO] [PipelineLogger] picture detected: spinbox-indicator-up-background-hovered@2x.png
2026-07-29 12:32:33 [INFO] [PipelineLogger] picture detected: spinbox-indicator-up-background-hovered@3x.png
2026-07-29 12:32:33 [INFO] [PipelineLogger] picture detected: spinbox-indicator-up-background-up-hovered.png
2026-07-29 12:32:33 [INFO] [PipelineLogger] picture detected: spinbox-indicator-up-background-up-hovered@2x.png
2026-07-29 12:32:33 [INFO] [PipelineLogger] picture detected: spinbox-indicator-up-background-up-hovered@3x.png
2026-07-29 12:32:33 [INFO] [PipelineLogger] picture detected: spinbox-indicator-up-background-up-pressed.png
2026-07-29 12:32:33 [INFO] [PipelineLogger] picture detected: spinbox-indicator-up-background-up-pressed@2x.png
2026-07-29 12:32:33 [INFO] [PipelineLogger] picture detected: spinbox-indicator-up-background-up-pressed@3x.png
2026-07-29 12:32:33 [INFO] [PipelineLogger] picture detected: spinbox-indicator-up-background.png
2026-07-29 12:32:33 [INFO] [PipelineLogger] picture detected: spinbox-indicator-up-background@2x.png
2026-07-29 12:32:33 [INFO] [PipelineLogger] picture detected: spinbox-indicator-up-background@3x.png
2026-07-29 12:32:33 [INFO] [PipelineLogger] picture detected: spinbox-indicator-up-icon-atlimit.png
2026-07-29 12:32:33 [INFO] [PipelineLogger] picture detected: spinbox-indicator-up-icon-atlimit@2x.png
2026-07-29 12:32:33 [INFO] [PipelineLogger] picture detected: spinbox-indicator-up-icon-atlimit@3x.png
2026-07-29 12:32:33 [INFO] [PipelineLogger] picture detected: spinbox-indicator-up-icon-disabled.png
2026-07-29 12:32:33 [INFO] [PipelineLogger] picture detected: spinbox-indicator-up-icon-disabled@2x.png
2026-07-29 12:32:33 [INFO] [PipelineLogger] picture detected: spinbox-indicator-up-icon-disabled@3x.png
2026-07-29 12:32:33 [INFO] [PipelineLogger] picture detected: spinbox-indicator-up-icon-down-hovered.png
2026-07-29 12:32:33 [INFO] [PipelineLogger] picture detected: spinbox-indicator-up-icon-down-hovered@2x.png
2026-07-29 12:32:33 [INFO] [PipelineLogger] picture detected: spinbox-indicator-up-icon-down-hovered@3x.png
2026-07-29 12:32:33 [INFO] [PipelineLogger] picture detected: spinbox-indicator-up-icon-down-pressed.png
2026-07-29 12:32:33 [INFO] [PipelineLogger] picture detected: spinbox-indicator-up-icon-down-pressed@2x.png
2026-07-29 12:32:33 [INFO] [PipelineLogger] picture detected: spinbox-indicator-up-icon-down-pressed@3x.png
2026-07-29 12:32:33 [INFO] [PipelineLogger] picture detected: spinbox-indicator-up-icon-hovered.png
2026-07-29 12:32:33 [INFO] [PipelineLogger] picture detected: spinbox-indicator-up-icon-hovered@2x.png
2026-07-29 12:32:33 [INFO] [PipelineLogger] picture detected: spinbox-indicator-up-icon-hovered@3x.png
2026-07-29 12:32:33 [INFO] [PipelineLogger] picture detected: spinbox-indicator-up-icon-up-hovered.png
2026-07-29 12:32:33 [INFO] [PipelineLogger] picture detected: spinbox-indicator-up-icon-up-hovered@2x.png
2026-07-29 12:32:33 [INFO] [PipelineLogger] picture detected: spinbox-indicator-up-icon-up-hovered@3x.png
2026-07-29 12:32:33 [INFO] [PipelineLogger] picture detected: spinbox-indicator-up-icon-up-pressed.png
2026-07-29 12:32:33 [INFO] [PipelineLogger] picture detected: spinbox-indicator-up-icon-up-pressed@2x.png
2026-07-29 12:32:33 [INFO] [PipelineLogger] picture detected: spinbox-indicator-up-icon-up-pressed@3x.png
2026-07-29 12:32:33 [INFO] [PipelineLogger] picture detected: spinbox-indicator-up-icon.png
2026-07-29 12:32:33 [INFO] [PipelineLogger] picture detected: spinbox-indicator-up-icon@2x.png
2026-07-29 12:32:33 [INFO] [PipelineLogger] picture detected: spinbox-indicator-up-icon@3x.png
2026-07-29 12:32:33 [INFO] [PipelineLogger] picture detected: textarea-background-disabled.png
2026-07-29 12:32:33 [INFO] [PipelineLogger] picture detected: textarea-background-disabled@2x.png
2026-07-29 12:32:33 [INFO] [PipelineLogger] picture detected: textarea-background-disabled@3x.png
2026-07-29 12:32:33 [INFO] [PipelineLogger] picture detected: textarea-background-focused.png
2026-07-29 12:32:33 [INFO] [PipelineLogger] picture detected: textarea-background-focused@2x.png
2026-07-29 12:32:33 [INFO] [PipelineLogger] picture detected: textarea-background-focused@3x.png
2026-07-29 12:32:33 [INFO] [PipelineLogger] picture detected: textarea-background-hovered.png
2026-07-29 12:32:33 [INFO] [PipelineLogger] picture detected: textarea-background-hovered@2x.png
2026-07-29 12:32:33 [INFO] [PipelineLogger] picture detected: textarea-background-hovered@3x.png
2026-07-29 12:32:33 [INFO] [PipelineLogger] picture detected: textarea-background.png
2026-07-29 12:32:33 [INFO] [PipelineLogger] picture detected: textarea-background@2x.png
2026-07-29 12:32:33 [INFO] [PipelineLogger] picture detected: textarea-background@3x.png
2026-07-29 12:32:33 [INFO] [PipelineLogger] picture detected: textfield-background-disabled.png
2026-07-29 12:32:33 [INFO] [PipelineLogger] picture detected: textfield-background-disabled@2x.png
2026-07-29 12:32:33 [INFO] [PipelineLogger] picture detected: textfield-background-disabled@3x.png
2026-07-29 12:32:33 [INFO] [PipelineLogger] picture detected: textfield-background-focused.png
2026-07-29 12:32:33 [INFO] [PipelineLogger] picture detected: textfield-background-focused@2x.png
2026-07-29 12:32:33 [INFO] [PipelineLogger] picture detected: textfield-background-focused@3x.png
2026-07-29 12:32:33 [INFO] [PipelineLogger] picture detected: textfield-background-hovered.png
2026-07-29 12:32:33 [INFO] [PipelineLogger] picture detected: textfield-background-hovered@2x.png
2026-07-29 12:32:33 [INFO] [PipelineLogger] picture detected: textfield-background-hovered@3x.png
2026-07-29 12:32:33 [INFO] [PipelineLogger] picture detected: textfield-background.png
2026-07-29 12:32:33 [INFO] [PipelineLogger] picture detected: textfield-background@2x.png
2026-07-29 12:32:33 [INFO] [PipelineLogger] picture detected: textfield-background@3x.png
2026-07-29 12:32:33 [INFO] [PipelineLogger] picture detected: busyindicator-icon.png
2026-07-29 12:32:33 [INFO] [PipelineLogger] picture detected: busyindicator-icon16.png
2026-07-29 12:32:33 [INFO] [PipelineLogger] picture detected: busyindicator-icon@2x.png
2026-07-29 12:32:33 [INFO] [PipelineLogger] picture detected: button-icon.png
2026-07-29 12:32:33 [INFO] [PipelineLogger] picture detected: button-icon16.png
2026-07-29 12:32:33 [INFO] [PipelineLogger] picture detected: button-icon@2x.png
2026-07-29 12:32:33 [INFO] [PipelineLogger] picture detected: checkbox-icon.png
2026-07-29 12:32:33 [INFO] [PipelineLogger] picture detected: checkbox-icon16.png
2026-07-29 12:32:33 [INFO] [PipelineLogger] picture detected: checkbox-icon@2x.png
2026-07-29 12:32:33 [INFO] [PipelineLogger] picture detected: combobox-icon.png
2026-07-29 12:32:33 [INFO] [PipelineLogger] picture detected: combobox-icon16.png
2026-07-29 12:32:33 [INFO] [PipelineLogger] picture detected: combobox-icon@2x.png
2026-07-29 12:32:33 [INFO] [PipelineLogger] picture detected: control-icon.png
2026-07-29 12:32:33 [INFO] [PipelineLogger] picture detected: control-icon16.png
2026-07-29 12:32:33 [INFO] [PipelineLogger] picture detected: control-icon@2x.png
2026-07-29 12:32:33 [INFO] [PipelineLogger] picture detected: delaybutton-icon.png
2026-07-29 12:32:33 [INFO] [PipelineLogger] picture detected: delaybutton-icon16.png
2026-07-29 12:32:33 [INFO] [PipelineLogger] picture detected: delaybutton-icon@2x.png
2026-07-29 12:32:33 [INFO] [PipelineLogger] picture detected: dial-icon.png
2026-07-29 12:32:33 [INFO] [PipelineLogger] picture detected: dial-icon16.png
2026-07-29 12:32:33 [INFO] [PipelineLogger] picture detected: dial-icon@2x.png
2026-07-29 12:32:33 [INFO] [PipelineLogger] picture detected: frame-icon.png
2026-07-29 12:32:33 [INFO] [PipelineLogger] picture detected: frame-icon16.png
2026-07-29 12:32:33 [INFO] [PipelineLogger] picture detected: frame-icon@2x.png
2026-07-29 12:32:33 [INFO] [PipelineLogger] picture detected: groupbox-icon.png
2026-07-29 12:32:33 [INFO] [PipelineLogger] picture detected: groupbox-icon16.png
2026-07-29 12:32:33 [INFO] [PipelineLogger] picture detected: groupbox-icon@2x.png
2026-07-29 12:32:33 [INFO] [PipelineLogger] picture detected: itemdelegate-icon.png
2026-07-29 12:32:33 [INFO] [PipelineLogger] picture detected: itemdelegate-icon16.png
2026-07-29 12:32:33 [INFO] [PipelineLogger] picture detected: itemdelegate-icon@2x.png
2026-07-29 12:32:33 [INFO] [PipelineLogger] picture detected: label-icon.png
2026-07-29 12:32:33 [INFO] [PipelineLogger] picture detected: label-icon16.png
2026-07-29 12:32:33 [INFO] [PipelineLogger] picture detected: label-icon@2x.png
2026-07-29 12:32:33 [INFO] [PipelineLogger] picture detected: page-icon.png
2026-07-29 12:32:33 [INFO] [PipelineLogger] picture detected: page-icon16.png
2026-07-29 12:32:33 [INFO] [PipelineLogger] picture detected: page-icon@2x.png
2026-07-29 12:32:33 [INFO] [PipelineLogger] picture detected: pageindicator-icon.png
2026-07-29 12:32:33 [INFO] [PipelineLogger] picture detected: pageindicator-icon16.png
2026-07-29 12:32:33 [INFO] [PipelineLogger] picture detected: pageindicator-icon@2x.png
2026-07-29 12:32:33 [INFO] [PipelineLogger] picture detected: pane-icon.png
2026-07-29 12:32:33 [INFO] [PipelineLogger] picture detected: pane-icon16.png
2026-07-29 12:32:33 [INFO] [PipelineLogger] picture detected: pane-icon@2x.png
2026-07-29 12:32:33 [INFO] [PipelineLogger] picture detected: progressbar-icon.png
2026-07-29 12:32:33 [INFO] [PipelineLogger] picture detected: progressbar-icon16.png
2026-07-29 12:32:33 [INFO] [PipelineLogger] picture detected: progressbar-icon@2x.png
2026-07-29 12:32:33 [INFO] [PipelineLogger] picture detected: radiobutton-icon.png
2026-07-29 12:32:33 [INFO] [PipelineLogger] picture detected: radiobutton-icon16.png
2026-07-29 12:32:33 [INFO] [PipelineLogger] picture detected: radiobutton-icon@2x.png
2026-07-29 12:32:33 [INFO] [PipelineLogger] picture detected: rangeslider-icon.png
2026-07-29 12:32:33 [INFO] [PipelineLogger] picture detected: rangeslider-icon16.png
2026-07-29 12:32:33 [INFO] [PipelineLogger] picture detected: rangeslider-icon@2x.png
2026-07-29 12:32:33 [INFO] [PipelineLogger] picture detected: roundbutton-icon.png
2026-07-29 12:32:33 [INFO] [PipelineLogger] picture detected: roundbutton-icon16.png
2026-07-29 12:32:33 [INFO] [PipelineLogger] picture detected: roundbutton-icon@2x.png
2026-07-29 12:32:33 [INFO] [PipelineLogger] picture detected: scrollview-icon.png
2026-07-29 12:32:33 [INFO] [PipelineLogger] picture detected: scrollview-icon16.png
2026-07-29 12:32:33 [INFO] [PipelineLogger] picture detected: scrollview-icon@2x.png
2026-07-29 12:32:33 [INFO] [PipelineLogger] picture detected: slider-icon.png
2026-07-29 12:32:33 [INFO] [PipelineLogger] picture detected: slider-icon16.png
2026-07-29 12:32:33 [INFO] [PipelineLogger] picture detected: slider-icon@2x.png
2026-07-29 12:32:33 [INFO] [PipelineLogger] picture detected: spinbox-icon.png
2026-07-29 12:32:33 [INFO] [PipelineLogger] picture detected: spinbox-icon16.png
2026-07-29 12:32:33 [INFO] [PipelineLogger] picture detected: spinbox-icon@2x.png
2026-07-29 12:32:33 [INFO] [PipelineLogger] picture detected: stackview-icon.png
2026-07-29 12:32:33 [INFO] [PipelineLogger] picture detected: stackview-icon16.png
2026-07-29 12:32:33 [INFO] [PipelineLogger] picture detected: stackview-icon@2x.png
2026-07-29 12:32:33 [INFO] [PipelineLogger] picture detected: swipeview-icon.png
2026-07-29 12:32:33 [INFO] [PipelineLogger] picture detected: swipeview-icon16.png
2026-07-29 12:32:33 [INFO] [PipelineLogger] picture detected: swipeview-icon@2x.png
2026-07-29 12:32:33 [INFO] [PipelineLogger] picture detected: switch-icon.png
2026-07-29 12:32:33 [INFO] [PipelineLogger] picture detected: switch-icon16.png
2026-07-29 12:32:33 [INFO] [PipelineLogger] picture detected: switch-icon@2x.png
2026-07-29 12:32:33 [INFO] [PipelineLogger] picture detected: textarea-icon.png
2026-07-29 12:32:33 [INFO] [PipelineLogger] picture detected: textarea-icon16.png
2026-07-29 12:32:33 [INFO] [PipelineLogger] picture detected: textarea-icon@2x.png
2026-07-29 12:32:33 [INFO] [PipelineLogger] picture detected: textfield-icon.png
2026-07-29 12:32:33 [INFO] [PipelineLogger] picture detected: textfield-icon16.png
2026-07-29 12:32:33 [INFO] [PipelineLogger] picture detected: textfield-icon@2x.png
2026-07-29 12:32:33 [INFO] [PipelineLogger] picture detected: toolbar-icon.png
2026-07-29 12:32:33 [INFO] [PipelineLogger] picture detected: toolbar-icon16.png
2026-07-29 12:32:33 [INFO] [PipelineLogger] picture detected: toolbar-icon@2x.png
2026-07-29 12:32:33 [INFO] [PipelineLogger] picture detected: toolbutton-icon.png
2026-07-29 12:32:33 [INFO] [PipelineLogger] picture detected: toolbutton-icon16.png
2026-07-29 12:32:33 [INFO] [PipelineLogger] picture detected: toolbutton-icon@2x.png
2026-07-29 12:32:33 [INFO] [PipelineLogger] picture detected: toolseparator-icon.png
2026-07-29 12:32:33 [INFO] [PipelineLogger] picture detected: toolseparator-icon16.png
2026-07-29 12:32:33 [INFO] [PipelineLogger] picture detected: toolseparator-icon@2x.png
2026-07-29 12:32:33 [INFO] [PipelineLogger] picture detected: tumbler-icon.png
2026-07-29 12:32:33 [INFO] [PipelineLogger] picture detected: tumbler-icon16.png
2026-07-29 12:32:33 [INFO] [PipelineLogger] picture detected: tumbler-icon@2x.png
2026-07-29 12:32:33 [INFO] [PipelineLogger] picture detected: areaseries-icon.png
2026-07-29 12:32:33 [INFO] [PipelineLogger] picture detected: areaseries-icon16.png
2026-07-29 12:32:33 [INFO] [PipelineLogger] picture detected: bars3d-icon.png
2026-07-29 12:32:33 [INFO] [PipelineLogger] picture detected: bars3d-icon16.png
2026-07-29 12:32:33 [INFO] [PipelineLogger] picture detected: barseries-icon.png
2026-07-29 12:32:33 [INFO] [PipelineLogger] picture detected: barseries-icon16.png
2026-07-29 12:32:33 [INFO] [PipelineLogger] picture detected: lineseries-icon.png
2026-07-29 12:32:33 [INFO] [PipelineLogger] picture detected: lineseries-icon16.png
2026-07-29 12:32:33 [INFO] [PipelineLogger] picture detected: pieseries-icon.png
2026-07-29 12:32:33 [INFO] [PipelineLogger] picture detected: pieseries-icon16.png
2026-07-29 12:32:33 [INFO] [PipelineLogger] picture detected: scatter3d-icon.png
2026-07-29 12:32:33 [INFO] [PipelineLogger] picture detected: scatter3d-icon16.png
2026-07-29 12:32:33 [INFO] [PipelineLogger] picture detected: scatterseries-icon.png
2026-07-29 12:32:33 [INFO] [PipelineLogger] picture detected: scatterseries-icon16.png
2026-07-29 12:32:33 [INFO] [PipelineLogger] picture detected: splineseries-icon.png
2026-07-29 12:32:33 [INFO] [PipelineLogger] picture detected: splineseries-icon16.png
2026-07-29 12:32:33 [INFO] [PipelineLogger] picture detected: surface3d-icon.png
2026-07-29 12:32:33 [INFO] [PipelineLogger] picture detected: surface3d-icon16.png
2026-07-29 12:32:33 [INFO] [PipelineLogger] picture detected: bars3d-icon.png
2026-07-29 12:32:33 [INFO] [PipelineLogger] picture detected: bars3d-icon16.png
2026-07-29 12:32:33 [INFO] [PipelineLogger] picture detected: scatter3d-icon.png
2026-07-29 12:32:33 [INFO] [PipelineLogger] picture detected: scatter3d-icon16.png
2026-07-29 12:32:33 [INFO] [PipelineLogger] picture detected: surface3d-icon.png
2026-07-29 12:32:33 [INFO] [PipelineLogger] picture detected: surface3d-icon16.png
2026-07-29 12:32:33 [INFO] [PipelineLogger] picture detected: areaseries-chart-icon.png
2026-07-29 12:32:33 [INFO] [PipelineLogger] picture detected: areaseries-chart-icon16.png
2026-07-29 12:32:33 [INFO] [PipelineLogger] picture detected: areaseries-polar-icon.png
2026-07-29 12:32:33 [INFO] [PipelineLogger] picture detected: areaseries-polar-icon16.png
2026-07-29 12:32:33 [INFO] [PipelineLogger] picture detected: barseries-icon.png
2026-07-29 12:32:33 [INFO] [PipelineLogger] picture detected: barseries-icon16.png
2026-07-29 12:32:33 [INFO] [PipelineLogger] picture detected: boxplotseries-chart-icon.png
2026-07-29 12:32:33 [INFO] [PipelineLogger] picture detected: boxplotseries-chart-icon16.png
2026-07-29 12:32:33 [INFO] [PipelineLogger] picture detected: horizontalbarseries-icon.png
2026-07-29 12:32:33 [INFO] [PipelineLogger] picture detected: horizontalbarseries-icon16.png
2026-07-29 12:32:33 [INFO] [PipelineLogger] picture detected: horizontalpercentbarseries-icon.png
2026-07-29 12:32:33 [INFO] [PipelineLogger] picture detected: horizontalpercentbarseries-icon16.png
2026-07-29 12:32:33 [INFO] [PipelineLogger] picture detected: horizontalstackedbarseries-icon.png
2026-07-29 12:32:33 [INFO] [PipelineLogger] picture detected: horizontalstackedbarseries-icon16.png
2026-07-29 12:32:33 [INFO] [PipelineLogger] picture detected: lineseries-chart-icon.png
2026-07-29 12:32:33 [INFO] [PipelineLogger] picture detected: lineseries-chart-icon16.png
2026-07-29 12:32:33 [INFO] [PipelineLogger] picture detected: lineseries-polar-icon.png
2026-07-29 12:32:33 [INFO] [PipelineLogger] picture detected: lineseries-polar-icon16.png
2026-07-29 12:32:33 [INFO] [PipelineLogger] picture detected: percentbarseries-icon.png
2026-07-29 12:32:33 [INFO] [PipelineLogger] picture detected: percentbarseries-icon16.png
2026-07-29 12:32:33 [INFO] [PipelineLogger] picture detected: pieseries-chart-icon.png
2026-07-29 12:32:33 [INFO] [PipelineLogger] picture detected: pieseries-chart-icon16.png
2026-07-29 12:32:33 [INFO] [PipelineLogger] picture detected: scatterseries-chart-icon.png
2026-07-29 12:32:33 [INFO] [PipelineLogger] picture detected: scatterseries-chart-icon16.png
2026-07-29 12:32:33 [INFO] [PipelineLogger] picture detected: scatterseries-polar-icon.png
2026-07-29 12:32:33 [INFO] [PipelineLogger] picture detected: scatterseries-polar-icon16.png
2026-07-29 12:32:33 [INFO] [PipelineLogger] picture detected: splineseries-chart-icon.png
2026-07-29 12:32:33 [INFO] [PipelineLogger] picture detected: splineseries-chart-icon16.png
2026-07-29 12:32:33 [INFO] [PipelineLogger] picture detected: splineseries-polar-icon.png
2026-07-29 12:32:33 [INFO] [PipelineLogger] picture detected: splineseries-polar-icon16.png
2026-07-29 12:32:33 [INFO] [PipelineLogger] picture detected: stackedbarseries-icon.png
2026-07-29 12:32:33 [INFO] [PipelineLogger] picture detected: stackedbarseries-icon16.png
2026-07-29 12:32:33 [INFO] [PipelineLogger] total images found 1183
2026-07-29 12:32:33 [INFO] [PipelineLogger] total videos found 0
2026-07-29 12:32:33 [INFO] [PipelineLogger] other files found 15510
2026-07-29 12:32:33 [INFO] [PipelineLogger] total size of assets 656.499999999982 mb
